-- phpMyAdmin SQL Dump
-- version 4.5.4.1deb2ubuntu2
-- http://www.phpmyadmin.net
--
-- Host: localhost
-- Generation Time: Feb 01, 2017 at 07:18 PM
-- Server version: 5.7.17-0ubuntu0.16.04.1
-- PHP Version: 7.0.13-0ubuntu0.16.04.1

SET SQL_MODE = "NO_AUTO_VALUE_ON_ZERO";
SET time_zone = "+00:00";


/*!40101 SET @OLD_CHARACTER_SET_CLIENT=@@CHARACTER_SET_CLIENT */;
/*!40101 SET @OLD_CHARACTER_SET_RESULTS=@@CHARACTER_SET_RESULTS */;
/*!40101 SET @OLD_COLLATION_CONNECTION=@@COLLATION_CONNECTION */;
/*!40101 SET NAMES utf8mb4 */;

--
-- Database: `asking`
--

-- --------------------------------------------------------

--
-- Table structure for table `answer`
--

CREATE TABLE `answer` (
  `id` int(11) NOT NULL,
  `is_best` bit(1) NOT NULL DEFAULT b'0',
  `content` text NOT NULL,
  `created_at` datetime NOT NULL,
  `votes` int(11) UNSIGNED NOT NULL,
  `question_id` int(11) UNSIGNED NOT NULL,
  `user_id` int(11) UNSIGNED NOT NULL
) ENGINE=InnoDB DEFAULT CHARSET=utf8;

--
-- Dumping data for table `answer`
--

INSERT INTO `answer` (`id`, `is_best`, `content`, `created_at`, `votes`, `question_id`, `user_id`) VALUES
(1, b'0', 'Est architecto eum ut consequuntur deserunt non qui. Laudantium ipsa rerum quasi. Cumque sunt aspernatur illum in distinctio. Consequatur ipsam neque iusto veritatis adipisci rerum magni. Id earum vero aliquam provident et culpa. Aut ut fuga quos sed ipsum nemo. Eum dignissimos vel rerum tempora debitis. Quisquam molestias dolor dolor esse qui. Quis aut quasi repudiandae optio. Similique reprehenderit velit officiis amet similique. Harum saepe beatae rem eveniet assumenda unde est est. Quibusdam et quis qui.', '2017-02-01 12:17:40', 10, 28, 45),
(2, b'0', 'Aliquam odio velit amet blanditiis consectetur omnis ut soluta. Sint vitae architecto qui ratione non quia. Nihil dolores qui quia in libero ut eum enim. Est corrupti soluta odio maiores blanditiis. In ut fugit unde beatae. Voluptatibus dolorem vel ullam cumque veniam ut. Ad qui velit incidunt temporibus est. Qui mollitia quia natus. Nihil maiores expedita qui. Similique eos atque recusandae ex dolorem. Explicabo dolores molestiae eveniet eligendi culpa quia quidem ut. Minima porro explicabo dolor enim omnis aspernatur doloremque provident.', '2017-02-01 12:17:40', 9, 30, 46),
(3, b'0', 'Dolorum optio dolorum qui alias consectetur. Quia iure dolorem ea. Repellat totam dolorem qui fugiat. Repudiandae asperiores quo velit. Eum incidunt ut consequatur praesentium. Asperiores ut id est consequatur omnis. Doloribus accusantium inventore eos voluptas delectus quia. Beatae ex quod eius recusandae. Esse distinctio voluptas molestiae et.', '2017-02-01 12:17:40', 1, 30, 42),
(4, b'0', 'Quo aut et voluptatem et. Optio id consequatur sed at distinctio est. Consequuntur eaque laborum molestiae. Ipsum velit et aut assumenda in recusandae. Culpa aut et quaerat dolor. Voluptates magnam incidunt incidunt quia quam. Ad fugiat nesciunt et quae animi et dolores et. Quasi cupiditate vel earum et quia libero. Hic cum sit totam minima aliquid. Dolores quaerat ab dolorum sit quam amet aut voluptas. Qui ut suscipit beatae. Culpa omnis reiciendis eligendi quos aliquid.', '2017-02-01 12:17:40', 8, 36, 38),
(5, b'0', 'Voluptas nemo ratione non sit. Eos consequatur expedita velit laborum blanditiis blanditiis. Sunt itaque qui eos voluptate quidem et. Illo nam doloribus et voluptate. Et inventore dolorem non molestiae est rerum perspiciatis. Quis nesciunt praesentium possimus dolor voluptates nihil itaque id. Tenetur sed aspernatur exercitationem quia vero illo. Similique optio atque et aliquid. Eaque sequi incidunt quisquam molestias. Veritatis sint sunt nesciunt ut non vero quod. Sapiente non id voluptas facere tempora fuga qui delectus. Iusto voluptas sit minima illo ducimus. Distinctio corporis eum aut voluptatem.', '2017-02-01 12:17:41', 9, 8, 5),
(6, b'0', 'Aut earum nihil inventore repellendus non commodi dolor. Suscipit id velit autem quis. Et consequatur vel iure repellat ut autem a doloribus. Ea accusamus est ut cupiditate iusto atque quam. Ut magni consequatur a veniam rerum quibusdam voluptatem. Velit officia a sed quis est temporibus. Animi est amet voluptas ipsam. Molestiae non dolore doloribus. Cum id exercitationem sit. Autem labore omnis in odio. Amet aspernatur sit soluta beatae. Aliquam doloribus sed et. Et dignissimos et qui aut corporis dicta aut numquam.', '2017-02-01 12:17:41', 4, 34, 49),
(7, b'0', 'Consequuntur nulla illum eos ipsum omnis error ea. Enim est harum minima. Ipsum dolor ullam consequatur eos non molestiae. Eum consequuntur repellat eaque consequatur. Maxime cupiditate architecto hic ex facilis recusandae corrupti. Perferendis enim rerum quia dicta ut quam consequatur. Voluptates qui voluptates placeat. Dolores pariatur quia quidem et molestiae architecto. Eum necessitatibus minima non qui commodi. Enim eligendi nisi ullam deleniti aliquam velit atque sit. Ratione ab esse nulla sint. Non tempore dolorem fuga porro beatae. Et nam est nostrum voluptas officiis.', '2017-02-01 12:17:41', 9, 38, 41),
(8, b'0', 'Maxime ipsum qui aut sed est. Quos error dolore facilis et est. Et ut qui officiis esse et optio. Vel provident omnis veniam qui nisi. Aspernatur beatae perspiciatis est doloribus numquam. Voluptate dolores molestiae magni velit. Et pariatur voluptates ut sunt dolores nostrum culpa. Dolor voluptas quibusdam ad aut omnis. Blanditiis asperiores vel culpa ipsam. Omnis quos quas et dolores et fuga ad. Est ratione deleniti consectetur et. Asperiores voluptas praesentium mollitia commodi ut repudiandae. Et dignissimos sunt cumque dolores eos necessitatibus. Autem eos eligendi rem explicabo voluptas ut.', '2017-02-01 12:17:41', 5, 15, 6),
(9, b'0', 'Molestiae maxime eum distinctio doloremque nihil distinctio. Laudantium voluptas quae dolorum in. Quia est voluptatem quidem voluptas praesentium aperiam. Est quo veritatis quasi atque et ipsa magni. Dicta consequatur voluptatem distinctio repellat. Commodi eaque quae iusto perferendis sit. Quo accusamus aut consequuntur ullam. Quod reprehenderit quia necessitatibus magni dolorem error sapiente. Itaque qui consequatur aperiam aut labore et sapiente. Recusandae dolor ut optio dolorum.', '2017-02-01 12:17:41', 6, 45, 29),
(10, b'0', 'Autem harum est officiis quia et ipsum molestiae. Accusamus quas rerum adipisci. Fuga est enim quidem quia. Labore atque ex sint perferendis et mollitia nemo. Quibusdam accusantium velit debitis et debitis harum et. Quia id architecto omnis. Non consequuntur veniam debitis cum totam. Recusandae autem sequi qui dicta est placeat incidunt. Accusamus fugit natus aliquam id aliquid tempora. Qui molestiae eligendi impedit alias et. Corrupti provident iste corrupti rerum qui cum rem. Quos cumque sit delectus dolorum cum consequatur. Sit iure doloremque et doloribus provident. Hic veniam dolor officiis velit.', '2017-02-01 12:17:41', 4, 29, 16),
(11, b'0', 'Rem quam mollitia sit inventore qui est. Necessitatibus et aut illum voluptas ut. Voluptas sit error corporis officiis. At qui recusandae distinctio eum. Quod ad quis et aliquid ipsam sapiente explicabo. Recusandae dolorem sint voluptate dolor. Eos eligendi voluptatem nemo sequi asperiores ut voluptatem. Neque odio odio alias expedita harum ea. Est incidunt ipsam et voluptatibus aut recusandae.', '2017-02-01 12:17:41', 4, 24, 45),
(12, b'0', 'Ut aperiam fugit ut ea rem praesentium. Nisi alias praesentium ex voluptatem eveniet. Ut qui in odio nobis laborum minus ipsam. Quam illo beatae esse. Modi aliquid quas quisquam aut molestiae et inventore. Magni et et corrupti aut qui omnis. Reiciendis voluptas velit vel earum in aperiam. Repellat dignissimos et cumque maxime et. Fugit assumenda nobis ratione. Non qui asperiores nihil.', '2017-02-01 12:17:41', 4, 20, 19),
(13, b'0', 'Impedit vero eaque accusamus est quo. Est error minima debitis et laudantium ut. Minus laborum odit nulla ea illo. Iste soluta illo voluptatibus consequatur nostrum. Expedita harum nemo labore temporibus. Natus blanditiis amet dolores tempore omnis. Eos quia nemo omnis provident pariatur. Distinctio quos et voluptatem error possimus saepe beatae et. Iusto corporis et unde ut tenetur in aut.', '2017-02-01 12:17:41', 5, 28, 49),
(14, b'0', 'Quae odio quo fugit. Fugiat alias expedita sint facere a provident dolores. Sit iure ut voluptas rerum aut iure deserunt. Commodi magni unde debitis. Corrupti dolor ducimus eius. Et sint aliquam sint eveniet. Dolores quasi aut illo debitis ducimus quia. Dolores consequatur fugit expedita ab reiciendis omnis. Culpa aut tempore velit harum. Aliquam et qui cupiditate sint sed. Ratione doloremque nostrum est ratione ut. Veritatis voluptas debitis tempore culpa enim itaque. Optio est enim magni mollitia molestiae perspiciatis. Nihil nostrum architecto et corporis.', '2017-02-01 12:17:41', 6, 10, 41),
(15, b'0', 'Ut voluptates quas dolores id sed. Quia deserunt sunt quia nobis. Aspernatur sed in vero incidunt minus hic rerum. Et enim dolorem quis aut aperiam facilis iste et. Aperiam expedita natus rerum expedita et. Accusamus vero est reprehenderit eius consequatur aut. In nemo est dolores voluptas. Consequatur aut qui consequatur est ipsum placeat. Quo repudiandae illo minus. Esse sapiente at ducimus et nesciunt rerum nemo ut. Est odio aut aut vitae ipsa. Quisquam ut non necessitatibus aut aut.', '2017-02-01 12:17:41', 2, 12, 47),
(16, b'0', 'Ut rerum blanditiis distinctio quia sunt mollitia. Sed sit id amet soluta molestias blanditiis. Possimus quos modi animi aut aut. Quidem voluptatum beatae esse minima atque laudantium consequatur amet. Magni aut harum quasi deleniti et sint odit. Est placeat sequi beatae error sit debitis vel. Molestiae dolores voluptatem doloribus tempore omnis aliquam illo. Sint omnis harum cumque id commodi. Sapiente quas earum explicabo dolores earum iste. Quis totam et atque perspiciatis quia odit. Quas autem velit aut aut ea qui ut in.', '2017-02-01 12:17:41', 0, 8, 19),
(17, b'0', 'Harum nam nemo corporis voluptas. Omnis et amet pariatur eos illum consequatur sed. Voluptas quidem neque aut sed. Sit nulla provident minima laboriosam mollitia eum ducimus dolores. Ea voluptas dolorem perferendis aliquam. Delectus saepe aspernatur repellat qui eligendi hic adipisci tenetur. Eum fuga dolor possimus doloribus et ex ex. Voluptates ut temporibus quam illum dolore totam et. Eos deleniti id deserunt reprehenderit dolore.', '2017-02-01 12:17:41', 9, 26, 22),
(18, b'0', 'Et nulla ex rerum necessitatibus ipsa ea velit. Quis voluptatem sed blanditiis quam quo eos nemo quam. Hic praesentium est illo doloribus dolorum. Reiciendis qui et quia iure eos accusamus et. A nobis quaerat architecto impedit et. Optio consequatur est et blanditiis. Distinctio asperiores quia placeat aspernatur aliquam dolores sunt possimus. Ducimus ratione nam assumenda dicta. Aut debitis omnis necessitatibus voluptas et excepturi quia autem.', '2017-02-01 12:17:41', 3, 15, 42),
(19, b'0', 'Eaque autem dolor qui voluptas possimus ut. Aut nulla amet pariatur aut est harum dolore. Nihil voluptatem voluptatem pariatur sint quo accusamus aut omnis. Tenetur reiciendis porro vel sed quas alias tempora id. Fugit ut molestiae mollitia non aliquam nihil in. Unde id consequatur culpa dolorem. Aut in quo aperiam soluta est. Amet saepe id nihil quia quos tempore rerum. Delectus rerum cumque sit molestias temporibus enim. Dolorem rerum atque eos rerum hic. Culpa doloribus deleniti minus et. Id vitae ipsam aut enim. Deserunt porro asperiores quos.', '2017-02-01 12:17:41', 8, 43, 28),
(20, b'0', 'Doloremque incidunt qui est laudantium dolores consectetur exercitationem. Nostrum illo maxime possimus voluptatibus officiis qui reiciendis et. Quasi dolores quis aut consequuntur numquam et. Quis enim libero sed repellendus. Sit autem veniam fugiat amet expedita aspernatur nostrum. Ut ab facilis corporis aliquam asperiores qui sint. Non ducimus qui quasi soluta voluptatum. Dolorum nihil aut accusamus. Corrupti et autem sed quo consequatur minima qui.', '2017-02-01 12:17:41', 8, 46, 30),
(21, b'0', 'Repellat mollitia eligendi voluptatem tempore. Dolor facilis quaerat itaque reiciendis optio ex. Officia molestias id consequatur assumenda. Modi qui ut voluptatem consequatur non deleniti. Consequatur suscipit eos odit occaecati. Rerum delectus voluptas id qui eius. Itaque velit necessitatibus dolore non. In sint consequuntur veritatis corporis architecto. Tenetur dolor qui voluptas est. Sint qui dolor et nobis a.', '2017-02-01 12:17:41', 5, 14, 19),
(22, b'0', 'Distinctio excepturi eum doloribus. Suscipit magni id et aut et eveniet. Inventore illo soluta quae ut autem. Aperiam eaque error ab dolores consequuntur iste. Deserunt id ipsam est odio officia voluptas doloribus. Quia error est deleniti porro atque. Perferendis voluptatum non sed quia asperiores et. Omnis est qui et quas earum quod similique.', '2017-02-01 12:17:41', 5, 22, 5),
(23, b'0', 'Tempora qui assumenda reprehenderit at nihil sit illum laudantium. Porro iure quae excepturi et pariatur voluptates. Dolores est ea non amet non eos sint. Excepturi consequatur expedita qui harum quia voluptas. Fugit cum dolorem enim ipsa maiores impedit ea. Iusto natus qui nostrum qui quam molestiae eligendi ad. Nobis incidunt quos omnis. Velit molestiae quas rerum dolorem quisquam quia quis. Esse aut voluptatem consequatur beatae hic maiores sapiente quo. Fugiat aspernatur magnam labore et deleniti. Amet tempora omnis aliquid voluptatem alias. Inventore et incidunt culpa exercitationem vero eius saepe. Sed dolorem laborum unde non. Modi et enim sequi deleniti sunt in cum. Iusto quasi laboriosam occaecati unde harum ut.', '2017-02-01 12:17:41', 3, 7, 1),
(24, b'0', 'Beatae rem eos autem eos amet rem. Ut veritatis debitis magni accusamus optio omnis quidem. Consectetur consequatur aspernatur exercitationem excepturi fugit voluptas assumenda. Consequatur unde eius est. Rerum dignissimos ut quia et ipsum est. Ut mollitia ut magni. Accusamus labore similique architecto impedit fugiat. Dolore iure eveniet minus aperiam dolorem illum voluptate. Fugiat unde eum dolores ea.', '2017-02-01 12:17:42', 4, 14, 37),
(25, b'0', 'Omnis inventore aut ipsa neque placeat provident similique. Doloribus iure reiciendis magni iusto natus. Amet quia veritatis hic qui. Modi est animi blanditiis ducimus sunt omnis ut. Sapiente autem atque rerum ipsam veniam consequatur. Est et voluptas voluptatem at qui nobis. Tempora libero aut ut voluptas ut.', '2017-02-01 12:17:42', 6, 28, 44),
(26, b'0', 'Doloribus laborum provident autem error beatae est pariatur. Rem dolore ut vel eum quisquam mollitia. Voluptatem ducimus mollitia et corrupti neque dolorem ducimus error. Cum odio qui officiis velit. Consequatur et quia illum autem. Est dolor dolore assumenda voluptatem quia quia. Illo consectetur laudantium quis voluptatem. Adipisci totam et cupiditate consequuntur aut. Dolores temporibus ea quibusdam asperiores delectus. Vel consequatur nihil maiores velit aut ullam iste. Repellat sint ipsam accusantium totam eos. Provident mollitia consequuntur tempora quibusdam. Voluptates quo mollitia enim harum omnis ipsa. Accusamus ipsum sed beatae eos.', '2017-02-01 12:17:42', 4, 49, 9),
(27, b'0', 'Odit et laborum ut quod vero. Repellendus non quos blanditiis. Natus quia autem illum sed odio et velit. Dicta ut accusantium et quod et. Necessitatibus possimus omnis quos porro. Praesentium temporibus est voluptas accusantium. Id possimus nesciunt aliquam. Consequuntur est et voluptatem tempore. Aut ut voluptatem quasi ad et eum corporis alias. Perspiciatis repellat porro magni sed sit voluptate possimus. Dolore quod id perspiciatis. Consequatur doloremque neque accusantium. Odio pariatur et rem qui accusamus.', '2017-02-01 12:17:42', 5, 17, 48),
(28, b'0', 'Qui aliquam deserunt alias et laudantium magnam. Et consequatur repudiandae consequatur. Repudiandae sit nihil ad illo. Sit sequi culpa explicabo reiciendis quae eveniet. Consectetur sit id aut id qui. Maxime quae quod et voluptate ea qui consequatur. Ut id quisquam voluptas deserunt sequi ipsum. Reprehenderit accusantium culpa magnam voluptates. Ut numquam ex sint facere quasi. Alias pariatur porro voluptatibus est.', '2017-02-01 12:17:42', 9, 31, 3),
(29, b'0', 'Nostrum labore ut eos voluptatum ut voluptate qui. Voluptates illo est est sed. Tempore nostrum aliquid earum porro labore eveniet nesciunt modi. Ipsa voluptate sit vel sit vel alias. Aliquid optio id soluta. Tempora voluptas incidunt quia dolorum dolores in. Explicabo incidunt alias in quisquam quasi. Sit et quam hic veniam perferendis porro sed. Et dolor dolor est et quos vitae perferendis porro. Quis inventore et nam nihil sit. Dicta sapiente quisquam et consequatur ducimus repellendus.', '2017-02-01 12:17:42', 1, 23, 27),
(30, b'0', 'Optio eveniet laboriosam similique nesciunt quis. Assumenda enim nam labore placeat. Cumque laborum esse ullam. Aliquid facere animi neque. Molestiae debitis rerum aut. Eos exercitationem voluptas quae aut. Quia consequatur est voluptatum velit. Eveniet unde et laboriosam eligendi neque.', '2017-02-01 12:17:42', 7, 42, 10),
(31, b'0', 'Voluptatem soluta sit et expedita et temporibus esse culpa. Quisquam qui fugiat sunt nisi placeat porro. Nobis ut occaecati debitis voluptates rerum. Fugiat hic iste repellat molestiae. Nesciunt culpa quidem laudantium vitae corporis. Nihil incidunt autem est quis. Similique fuga magnam qui cumque porro. Sed quibusdam dignissimos numquam rerum repellendus ipsam neque. Odio ipsam commodi vitae. Molestias suscipit repellat dolorem aperiam qui nemo. Veritatis reprehenderit ipsa architecto maxime enim nihil tempore. Iusto debitis aut et totam enim distinctio. Molestias alias et dicta fugiat dolore minima. Nostrum aut unde ratione nam voluptate magnam.', '2017-02-01 12:17:42', 8, 46, 51),
(32, b'0', 'Voluptas deleniti aut rerum ad illum quod porro ea. Unde distinctio omnis voluptas sunt. Eum voluptatem nam nulla repellat libero adipisci et quidem. Ducimus eius eveniet unde odio repellat corrupti in a. Magnam esse sit exercitationem distinctio voluptatem natus. Quaerat ut expedita quia doloremque magnam voluptate quo. Iure animi sit voluptatum. Repellat molestiae consectetur voluptatem explicabo sit eum. Assumenda et accusamus voluptatum ut dolorum aut quaerat tempore. Cupiditate sint nostrum ipsum ad dolor tempora corporis atque. Dolores animi cupiditate unde laborum. Placeat doloribus dolores fuga sed illum ut.', '2017-02-01 12:17:42', 7, 1, 6),
(33, b'0', 'Tenetur sed quis voluptas. Doloremque consequatur quia est minima saepe ipsum eum sunt. Recusandae ut ea harum. Repellat aut numquam repellendus dignissimos at non facere. Quod blanditiis quia delectus non at cum. Ut sunt qui occaecati qui est. Quis commodi enim quasi alias. Saepe natus quidem eos est laborum in molestias. Et sunt beatae temporibus voluptatem. Aut omnis rerum illo accusamus dolorum. Et odio sint quidem dolorem voluptatem fugit doloribus. Dolorum ullam eum non aut aut voluptatem. Vel vitae rerum sed officia suscipit. Sed voluptatem atque atque voluptatibus.', '2017-02-01 12:17:42', 1, 44, 49),
(34, b'0', 'Sit voluptatem pariatur ex a nihil reprehenderit. Qui rem expedita corrupti et tempora harum magni molestiae. Perspiciatis rem vero vitae eum. Officiis error placeat beatae dolores repellendus voluptatem ullam. Voluptate soluta voluptatem culpa ad inventore facere laudantium. Voluptates fugiat dolor perferendis at beatae aut voluptatem. Voluptatum culpa optio omnis expedita. Temporibus sed et earum et. Ut deserunt aut voluptate non. Facilis facere voluptatibus ex labore vitae. Aperiam accusamus quia eveniet praesentium. Possimus porro et in est eius aut est.', '2017-02-01 12:17:42', 6, 3, 48),
(35, b'0', 'Est recusandae ex ut et possimus quidem. Sequi voluptatem consequuntur quo necessitatibus placeat. Asperiores exercitationem velit et sint nemo saepe fuga. Pariatur iure adipisci eius voluptas qui qui sed perferendis. Qui aut consectetur velit dolores consequuntur consequatur ad. Consequatur et quidem optio officia non exercitationem. Rerum at architecto impedit repudiandae beatae sit quaerat. Dolorum earum labore facilis enim. Saepe ut sed deleniti deserunt totam corporis totam. Ut labore ea autem quasi rerum aut aut. Expedita totam sunt accusantium alias aliquam. Vel repellendus animi autem repellat ullam vel.', '2017-02-01 12:17:42', 2, 5, 29),
(36, b'0', 'Veritatis dolores nesciunt quo voluptas quidem. Quidem eaque eum voluptatem perferendis hic. Quia ut adipisci dolores quae et. Sit sit earum vel. Et in autem eum quo ut. Est hic doloremque excepturi provident. Dolorum aperiam eaque maiores dolorem cupiditate. Tenetur harum qui ex aut officiis accusantium. Aut ut esse cupiditate itaque quis dolorem sequi. Et ad quam molestiae reprehenderit. Recusandae asperiores repellat recusandae sed.', '2017-02-01 12:17:42', 9, 25, 15),
(37, b'0', 'Nihil voluptate minus perferendis qui atque maxime omnis. Sit sed accusamus repellat vitae dolore. Sit omnis est molestiae eos veritatis aperiam. Tenetur libero non harum. Repudiandae ut aut cumque officiis odit iusto. Voluptas aut esse soluta rerum. Quis ipsam dolorem consequatur et est. Maxime velit reprehenderit repellat dolores nam nihil. Ut commodi rerum consequatur repellat rerum. Aliquam rerum doloribus quia porro consequatur aut.', '2017-02-01 12:17:42', 6, 37, 48),
(38, b'0', 'Explicabo quae incidunt rem iusto ipsum et hic. Et est quos saepe recusandae. Ab eaque dolorem modi perspiciatis et eveniet beatae. Nobis reprehenderit facere excepturi rem eveniet aut soluta. Consequatur qui ea numquam quo ea molestias. Provident qui vitae est quos. Aut modi est illo suscipit. Necessitatibus aut eos fugiat. Ad atque temporibus voluptatum ipsa sed velit. Culpa amet harum blanditiis ratione ullam est.', '2017-02-01 12:17:42', 8, 29, 14),
(39, b'0', 'Tempora animi aliquam odio. Est voluptas non quis velit voluptas. Aut sunt explicabo assumenda totam. Expedita ut ut quisquam autem est. Doloribus ut vel fuga magnam. Et inventore pariatur quis perspiciatis dicta excepturi rerum. Repellat quaerat et ducimus qui. Et eveniet beatae a harum nobis. Fugiat possimus iure laborum quae sunt id deleniti. Id et repellendus rerum et rerum voluptate ipsa error. Modi suscipit autem consequatur porro laborum et quidem libero. Ipsam et officia laboriosam. Quasi et expedita sapiente praesentium. Dolorem consequatur vitae et.', '2017-02-01 12:17:42', 2, 15, 45),
(40, b'0', 'A dolor accusantium velit architecto assumenda in. Numquam officiis ut nostrum quisquam est porro. Aut rerum sit quasi eius odio. Qui consectetur veniam delectus voluptas asperiores ut velit. Magnam dolore voluptate vel enim voluptas a qui. Voluptatem voluptatem adipisci ut et in fuga et. Beatae nesciunt non omnis laboriosam consectetur doloribus molestiae fugiat. Cupiditate eius recusandae est aliquam. Perspiciatis minus dolores aliquid ut repellendus vitae. Tempora quaerat nemo omnis sunt odit animi. Adipisci repellat et inventore saepe laudantium adipisci. Esse neque aut a vitae est. Voluptatem amet dicta optio perspiciatis. Eveniet fuga modi autem voluptatibus ullam et.', '2017-02-01 12:17:42', 5, 29, 33),
(41, b'0', 'Commodi quae et facilis qui sit aut. Eligendi id sit rerum aut sed quis. Quam aut quae rem quo est consequatur eaque. Et voluptatem porro quo facilis. Dolor qui velit ab nostrum dicta quo. Voluptatem ab ex perspiciatis nesciunt. Consequatur error dolorem eum excepturi sapiente enim dolores aliquam. Quae ut sint totam dolorem. Veniam consequatur provident id tempore provident tenetur beatae. Cupiditate libero ut dolorem. Facilis molestias ut et qui sunt. Sed harum amet eius vel unde. Dolorum deleniti quis quibusdam cupiditate molestiae.', '2017-02-01 12:17:42', 3, 1, 27),
(42, b'0', 'Aut et aut eligendi eaque rem doloremque temporibus. Praesentium quia dignissimos provident delectus fugit eligendi nemo. Vero ut enim culpa harum debitis facilis. Ea ipsam enim minima et aliquid alias voluptate. Vero repudiandae numquam alias voluptatibus dolor. Accusantium sapiente qui enim assumenda cupiditate officia aperiam. Voluptate laboriosam sit distinctio sapiente voluptas consequatur. Et eum fugit voluptatem in ex fugit eligendi possimus. Itaque maiores esse consequatur doloribus ratione rerum. Quaerat in aut vel ea. Quia ut perspiciatis sed aspernatur cumque totam officia. Et laudantium ipsa ratione ut est et sed. Vel iusto aut maxime excepturi beatae voluptatibus.', '2017-02-01 12:17:42', 5, 14, 36),
(43, b'0', 'Ullam repudiandae impedit iusto dolor rem officiis fuga. Natus expedita rerum ut commodi sint nobis consequatur. Et est debitis eligendi maiores nemo in sint amet. Rerum sed velit est consequatur modi fugiat. Sint ipsum nesciunt est molestiae odio. Voluptatem ut impedit dolores eos. Dignissimos vel maiores ducimus. Vero aut labore deleniti ab. Voluptatibus reprehenderit ab placeat non enim quasi exercitationem. Et voluptate asperiores amet molestiae dignissimos. Nobis voluptas voluptas nihil recusandae omnis. Fuga reiciendis voluptas natus dolore. Dignissimos deserunt possimus beatae perferendis necessitatibus sint. Recusandae velit pariatur quia natus voluptate voluptatum.', '2017-02-01 12:17:42', 2, 10, 26),
(44, b'0', 'Illum iusto perferendis iusto velit laborum. Deleniti omnis molestiae non non. Reprehenderit consectetur laboriosam doloremque iusto sint ut. Atque ratione beatae non esse dolorem. Maxime quo id sequi fuga aut atque ut. Quis delectus necessitatibus ut et aut quam repudiandae tenetur. Atque earum ullam qui quo consequatur. Qui quis doloribus consectetur repellat. Recusandae sequi nam tempore illo earum praesentium ipsa id. Aliquam possimus est unde sapiente et. Et alias cumque quod dolores similique.', '2017-02-01 12:17:42', 9, 33, 20),
(45, b'0', 'Eos eum pariatur minima. Et nesciunt nobis in ratione. Quae soluta et mollitia et maiores minus. Dolores delectus autem nisi quisquam enim et facere qui. Et non deleniti architecto animi magni. Inventore praesentium quibusdam ipsum voluptatem aperiam. Dolores temporibus eius cumque ex quis.', '2017-02-01 12:17:42', 8, 41, 13),
(46, b'0', 'Ut repellendus nihil asperiores. Necessitatibus omnis exercitationem explicabo eaque dolores cupiditate. Rerum quis et quo et architecto accusantium nemo omnis. Recusandae incidunt eaque ut eaque omnis asperiores est in. Atque veritatis debitis alias tempora ipsam. Sit deserunt nemo occaecati reprehenderit dolorum possimus. Autem minima impedit voluptatum vel dolor eos.', '2017-02-01 12:17:42', 8, 3, 25),
(47, b'0', 'Et sapiente et voluptatum consequatur dicta. Sint voluptatem expedita ut a. Quo nam recusandae qui consequatur eius sunt. Pariatur laudantium numquam totam aliquam cupiditate. In hic aspernatur amet qui et ipsa eum. Cupiditate quis incidunt cum et distinctio consequatur. Quis perferendis inventore ex eum debitis ut. Eveniet animi voluptates quo aut aut natus. Nisi harum maxime et et sit qui. Praesentium eius voluptatibus exercitationem ut aperiam alias similique.', '2017-02-01 12:17:42', 9, 12, 30),
(48, b'0', 'Explicabo quis iure numquam non velit quis. Repellat consectetur corporis aliquid. Ut tempore minus distinctio tempore ducimus reiciendis. Ut quia nihil eum. Fugit sapiente eos quae laudantium ex. Asperiores earum doloremque accusamus velit sint. Amet magnam non et doloremque. Ducimus voluptatem veniam unde consequatur. Voluptas explicabo aut rerum sunt asperiores. Deleniti suscipit eveniet voluptates maxime mollitia tempora est. Asperiores sunt maxime maxime. Dolorum corrupti quisquam est totam. Tempora voluptas veniam voluptas tempora quas illum illum.', '2017-02-01 12:17:42', 9, 7, 22),
(49, b'0', 'Nihil aut consequatur consequatur voluptas omnis quaerat. Sunt asperiores reprehenderit ab assumenda dicta. Magni et minus ut aut ab expedita dolorum deleniti. Hic ducimus facilis voluptatem et. Sunt voluptatem officiis at explicabo. Rem magnam debitis id voluptatem sit. Dolorem nihil molestiae neque cum. Ipsum et deleniti neque tenetur omnis.', '2017-02-01 12:17:42', 0, 26, 34),
(50, b'0', 'Omnis beatae rerum porro amet corrupti facere. Debitis rerum voluptas ab ea optio. Facere facilis quibusdam et et minima. Est itaque enim ut praesentium laboriosam molestiae. Aut nihil est tenetur qui ex. Facilis eum rerum consectetur sunt commodi. Ut laboriosam optio expedita et velit. Minima dolor enim libero illo. Quam nobis alias neque dolorum dolorum et eligendi. Velit et nihil porro magnam unde tenetur. Quod et repudiandae nesciunt alias. Rerum id qui exercitationem ipsa. Iure accusamus nostrum consequatur nisi accusamus repudiandae. Voluptas quidem eum id dicta iste.', '2017-02-01 12:17:43', 2, 32, 41),
(51, b'0', 'Nihil et ut at quos dignissimos atque quis. Et voluptates debitis dolores vitae velit reprehenderit. Omnis adipisci eaque qui velit autem facilis. Quia fugit accusamus atque. Minus dicta saepe molestias ad possimus et. Incidunt qui ea magni quia provident ad iste. Temporibus atque quo praesentium recusandae rerum ea veritatis. Sed et minima temporibus est et facilis. Voluptatibus id odio accusamus rerum sed ut cum. Dicta vel in facere ut aliquam et occaecati. Accusamus quam et ex. Facere rerum eos voluptatem totam molestias. Rem minima veniam provident blanditiis magnam magnam ipsum architecto. Corrupti aliquid a deleniti hic autem.', '2017-02-01 12:17:43', 0, 35, 22),
(52, b'0', 'Dolore nihil quod sed perferendis repellat inventore. Temporibus dolorum odit sit voluptatem eum quisquam. Ut maiores pariatur eum nostrum in aliquid animi sint. Corrupti labore eum dolor doloribus et. Assumenda officiis ut laudantium veritatis rem. Sunt veniam at reprehenderit. Et velit assumenda mollitia nihil soluta laborum. Fuga voluptas omnis id autem. Accusamus id dolorum accusamus dolores sit omnis.', '2017-02-01 12:17:43', 2, 8, 8),
(53, b'0', 'Dolores repudiandae ut eum et blanditiis et voluptas. Repellendus laborum iste architecto. Nostrum ut deleniti quam. Est autem ut corrupti accusamus earum maiores. Et a hic omnis quas sed quisquam molestiae. Omnis earum sed consectetur ducimus eum. Ipsam ut veniam quaerat dolores. Et eos quo laboriosam totam laudantium. Non et ipsam et quas quia sunt. Voluptatibus illo doloremque amet quae quos quibusdam. Est autem aspernatur possimus in placeat velit. At autem cum illum temporibus. Amet necessitatibus quaerat eligendi quod iste.', '2017-02-01 12:17:43', 2, 23, 48),
(54, b'0', 'Consequuntur reprehenderit hic non molestiae facilis. Molestias ipsam aliquid numquam sit asperiores. Dolorem facilis pariatur beatae culpa quis quos ad. Illum pariatur in fuga tenetur cum ipsam provident. Natus illo voluptas nihil ea molestiae ea. Tempora minus qui dolorem officia eligendi corrupti. Voluptatem et est nulla quisquam quis veniam. Maiores iste aut culpa. Voluptas modi et dolore quo ut nemo architecto. Nesciunt velit atque accusantium optio ipsa. Alias non distinctio illo est dolores nesciunt porro tempore. Eum itaque blanditiis sit labore culpa omnis. Dolore qui aut eius sit. Earum odit dolores soluta modi perspiciatis est eligendi tempora.', '2017-02-01 12:17:43', 0, 22, 2),
(55, b'0', 'Quo reiciendis vel rem voluptas veritatis tempora. Et asperiores quidem consequuntur vel dolores vero quidem. Ut quod deserunt accusantium ullam aspernatur labore repudiandae veritatis. Perferendis id voluptatem nostrum asperiores nobis iste. Numquam molestiae in magnam nemo vel explicabo eum. Numquam officia sed maxime eum debitis alias fugit. Et sapiente pariatur et dolorum magnam corrupti dolores.', '2017-02-01 12:17:43', 7, 11, 3),
(56, b'0', 'Deserunt accusamus beatae dolorem et. Quas neque velit eaque placeat earum. Adipisci fugit suscipit eos earum. Totam esse rem est. Et nostrum cum et repellendus aut. Veritatis exercitationem eius perspiciatis similique. Minima accusamus quis velit ut est doloribus. Sint voluptatem aspernatur dolorem repellat occaecati est delectus.', '2017-02-01 12:17:43', 7, 45, 29),
(57, b'0', 'Nobis dolor sequi cupiditate repudiandae incidunt optio. Necessitatibus quis ducimus saepe in tenetur. Aut maiores molestiae et sed molestiae et quis. Vero provident at aut aut. Itaque autem nisi sint voluptatem. Placeat praesentium odit possimus. Blanditiis sed ad et distinctio rem deleniti. Cupiditate velit quaerat alias asperiores distinctio nihil molestiae. Tenetur delectus ullam aliquam enim sint in qui. Est voluptatem sequi vitae cum. Perspiciatis possimus et porro. Nisi nam velit provident dolorem numquam. Odit illo blanditiis consequatur sunt. Qui placeat magni labore non eos nesciunt.', '2017-02-01 12:17:43', 2, 14, 42),
(58, b'0', 'Est consequatur non asperiores ad quas. Vel ut voluptatem cum illum architecto tenetur ut. Perferendis quae voluptatem molestiae aspernatur vel qui. Accusamus tempore aut minus id explicabo optio ad. Est ut veniam blanditiis. Et ut laborum dolores doloremque qui. Non voluptas suscipit sapiente nisi quia. Molestiae repudiandae reprehenderit reiciendis et sed qui. Dicta dolores possimus quae accusantium ut quisquam voluptatum. Qui laborum praesentium quasi ut ut et aut. Et quaerat qui ad rerum delectus aliquid ipsam. Quod officia quo velit eum voluptatem voluptatem. Repellendus at sit asperiores.', '2017-02-01 12:17:43', 5, 43, 7),
(59, b'0', 'Sequi excepturi sunt accusamus occaecati blanditiis quia. Enim quisquam pariatur optio sunt vel. Qui esse esse vel qui aliquam voluptas. Voluptatem cum laborum voluptas aliquid reiciendis quae. Et et voluptates cupiditate et. Neque ipsam voluptatem aliquid sed quo error doloribus. In tempore enim repudiandae veritatis et quis. Ab doloremque et magni quae vel. Dignissimos aliquid voluptates consequatur non consequatur aliquam et et. Voluptatem dolores itaque voluptatum praesentium. Accusantium sit ut debitis aspernatur quo. Voluptatem fugit atque modi excepturi at sed animi. Quaerat optio nihil quia. Maxime alias incidunt numquam blanditiis eaque minima qui.', '2017-02-01 12:17:43', 1, 13, 51),
(60, b'0', 'Ea inventore in impedit aut placeat. Qui quam quaerat doloremque illum. Deserunt quos odio cupiditate quo dolor et dolor. Quo doloribus aut voluptas. Veritatis suscipit est fugiat facere corrupti rem. Voluptatibus exercitationem ratione aperiam corrupti. Accusamus asperiores quia sed at aliquid.', '2017-02-01 12:17:43', 5, 14, 16),
(61, b'0', 'Ratione perspiciatis quaerat non. Voluptatem repellendus molestiae omnis neque. Eveniet ipsam numquam iusto sequi. Beatae dolorem explicabo quia voluptatem deserunt incidunt sint enim. Reprehenderit et est accusamus magni corporis. Porro est doloribus nihil nostrum. Quas et beatae consequatur ut. Voluptates et voluptatem amet iste voluptates laboriosam. Error nostrum eveniet consequatur quia ut aut ipsum. Assumenda esse libero velit libero est. Et illo itaque qui in et eum iure.', '2017-02-01 12:17:43', 6, 29, 7),
(62, b'0', 'Et sequi modi enim veniam iure. Dolorum odit aut provident laboriosam. Porro error amet et voluptas et. Perferendis vero quidem molestiae. Rem corrupti eum voluptatem aut ut aut a. Tempore autem corrupti id quo et error. Ipsa quasi magnam magni qui illo dicta eos et.', '2017-02-01 12:17:43', 2, 38, 45),
(63, b'0', 'Non quos ut laboriosam corrupti officia repellendus dolores eos. Sunt provident eos ea minima quia ea reprehenderit. Accusamus voluptatem qui debitis quis. Excepturi recusandae sequi nostrum fuga nostrum quasi voluptates. Vel porro delectus voluptate asperiores. Delectus vero quia ex. Architecto voluptatum ipsum consectetur sit est dolores neque labore. Ullam accusamus deserunt reiciendis et quia harum. Quasi qui occaecati et nisi. Rerum doloribus illum voluptatibus. Officiis sit facere molestiae nihil incidunt sit.', '2017-02-01 12:17:43', 7, 14, 22),
(64, b'0', 'In deleniti est est voluptatem est nostrum. Qui dolores autem dicta incidunt dolores voluptatibus vel saepe. Quibusdam atque laborum et et ullam. Commodi sed qui velit. Ducimus similique sequi nihil veritatis sint. Incidunt enim quasi explicabo. Occaecati natus officiis inventore tenetur voluptatem. Autem inventore eius debitis.', '2017-02-01 12:17:43', 2, 3, 21),
(65, b'0', 'Tempore eaque beatae tenetur. Quam dolores ut temporibus. Non aut odio eum quo sit qui. Aut consequuntur odio mollitia. At sit fuga dicta officia dolor. Occaecati minus optio velit consequatur. Quis rerum voluptas quo iste. Nam laborum ut eum ab aut minus delectus. Voluptate vel quasi est tenetur molestiae. Sequi modi dignissimos exercitationem ut saepe. Voluptatem qui ut similique architecto aut numquam. Sint fugit dolorem quibusdam iure magni autem in quia.', '2017-02-01 12:17:43', 3, 4, 30),
(66, b'0', 'Illo maiores ab animi reprehenderit. At quos fugiat ipsa. Nam soluta consequatur est qui quis eos. Ea est quisquam et similique provident vel accusamus. Et et deleniti consequuntur. Quod quia cupiditate eaque sed facere deserunt aut ea. Vitae sit eos reprehenderit non dolorum. Magnam culpa rerum quia. Laborum debitis ea commodi omnis. Nemo nisi est aliquam veniam.', '2017-02-01 12:17:43', 9, 42, 32),
(67, b'0', 'Et aut quidem quibusdam et sed. Amet praesentium optio incidunt vero rerum consequatur. Consequatur illum numquam dolor. Deserunt et quibusdam omnis voluptas quae ut qui id. Molestiae eos iste earum molestiae eveniet architecto perspiciatis. Nulla corrupti ipsam deleniti facilis eligendi a. Ipsam ipsam recusandae quaerat dolorem et consequatur maiores. Optio in ex sequi molestias. Excepturi sit veniam voluptatem ad esse sit. Vitae aut est eum eum dolores. Laborum alias laboriosam voluptatem tempora. Aut est et perferendis ea voluptatem quis. Consequatur reprehenderit labore ut quaerat voluptas tenetur et.', '2017-02-01 12:17:43', 9, 45, 13),
(68, b'0', 'Nisi voluptatem non aut iusto culpa non. Quia occaecati quis officiis natus porro. Dolorum voluptate et nihil inventore labore. Cupiditate et amet id et sed nostrum. Ratione eaque et sunt soluta. Esse ea ullam similique incidunt amet dicta. Est aut itaque amet reprehenderit. Fugiat adipisci rerum nisi impedit aliquid quo. Consequatur labore aut temporibus aut dolorum dignissimos natus non. Sed ea eum voluptas beatae repudiandae. Vel occaecati numquam et ipsam quia consequatur. Facilis qui distinctio nulla nulla et qui ut. Tempore sapiente perferendis incidunt voluptates. Ea ut rerum sunt iusto sed itaque.', '2017-02-01 12:17:43', 4, 33, 7),
(69, b'0', 'Eos sunt consequatur saepe nesciunt explicabo natus praesentium. Cumque voluptatem et recusandae sint sed in. Quo asperiores dolores laborum et vel vitae vitae. Repellendus aut quam fuga et. Quam debitis inventore sed. Reprehenderit et nam voluptas aut. Recusandae asperiores praesentium quam voluptatum. Et enim non molestiae quasi. Et et laborum laudantium quasi.', '2017-02-01 12:17:43', 2, 47, 39),
(70, b'0', 'Esse doloremque fuga quia et accusamus at. Praesentium a dolor nobis tempora. Quo repellat perferendis consequuntur iure labore ullam eos. Facilis illo dolore explicabo molestias nihil in. Provident delectus harum veniam hic veritatis quia. Explicabo et sit sit impedit asperiores. A voluptatem exercitationem perspiciatis aut voluptas nam et nobis. Soluta vel unde natus omnis dolor suscipit. Nulla nam sint qui fuga voluptate perferendis occaecati. Fuga velit quo quibusdam ut ut. Facere fuga tempore cupiditate mollitia. Ut modi dolor ut voluptatibus omnis recusandae ipsum qui.', '2017-02-01 12:17:43', 6, 10, 38),
(71, b'0', 'Sit qui mollitia perferendis et sed quia sed. Ea sint quae minus aut laborum. Aut quam ab voluptatum voluptas molestiae. Rerum dolores voluptatibus numquam impedit. Magnam minus magnam odio error animi modi est. Pariatur qui labore rerum rerum ut consequuntur consequatur. Temporibus blanditiis velit cupiditate repudiandae. Sed qui et vitae nisi sit ipsam. Necessitatibus magni dolorem in. Et ut et minus impedit aperiam nam. Delectus voluptates unde a aut libero omnis. Qui corrupti fugiat cupiditate ut. Eius voluptate provident error sit distinctio magnam. Tenetur est accusantium enim vel est nam nemo enim.', '2017-02-01 12:17:43', 2, 14, 7),
(72, b'0', 'Voluptates labore et natus ducimus aliquam quia. Saepe minima quis quasi qui. Non quo dolores nulla. Qui nobis natus voluptas veritatis error ea libero aspernatur. Quidem dolore aut quia placeat est. In sequi vitae quod rerum sunt eos facilis. Incidunt rerum ut exercitationem ab dicta.', '2017-02-01 12:17:44', 7, 25, 39),
(73, b'0', 'Culpa voluptatem qui laudantium laboriosam non cumque. Nihil at omnis ipsa qui. Quis cum velit modi pariatur temporibus voluptate. Quibusdam architecto distinctio unde aut ratione tenetur. Assumenda aut amet eaque reprehenderit quasi nihil. Nesciunt enim rem quaerat voluptatum rem reiciendis. Illum et ipsum porro aut quae provident amet. Est assumenda maxime qui sit asperiores eum. Ex odit illum ex itaque repellat nam. Praesentium voluptatem optio placeat qui eius consectetur voluptatem. Inventore voluptas ea sed veniam.', '2017-02-01 12:17:44', 1, 16, 4),
(74, b'0', 'Natus rerum occaecati enim delectus hic facere quod quia. Culpa atque voluptate sed magni fuga autem ipsa. Aut voluptatem omnis et dolorum numquam officiis. Consequatur animi cupiditate accusamus assumenda dolores eveniet rerum aut. Veniam fuga nobis nisi inventore doloribus. Impedit est dolores commodi autem sunt. Molestias sed est impedit quia deleniti. Sit numquam voluptates at cum exercitationem.', '2017-02-01 12:17:44', 7, 31, 47),
(75, b'0', 'Tempora unde alias corporis minima laborum. Dignissimos necessitatibus soluta voluptatem unde et minus. Eius et maiores dolores id est explicabo aliquid. Facere animi velit aut voluptate hic exercitationem odit nemo. Soluta provident quis aut. Dolores itaque officiis aperiam quasi omnis laborum. Qui nihil ut occaecati rerum corrupti quidem dignissimos iste. Eum natus at voluptatum consequuntur rem error. Cumque consequatur deleniti et numquam doloremque velit. Dolores repellendus veritatis eos ipsa laudantium aspernatur. Amet fugit vel aut tenetur sit ut. Mollitia voluptas ut reprehenderit ut. Sapiente neque similique tenetur. Cum molestiae aut reiciendis voluptas aperiam autem quo eos.', '2017-02-01 12:17:44', 7, 27, 20),
(76, b'0', 'Optio nisi vel quis neque commodi assumenda natus ipsa. Nesciunt deleniti quis totam occaecati qui est. Reiciendis consectetur quis dignissimos totam alias beatae. Ut voluptatem nisi repudiandae eum modi. Et dolore autem tenetur dolorem pariatur quisquam. Voluptatibus et sunt sint consequatur similique odio fugiat sed. Rem blanditiis consequatur illo quae sed est est. Facilis vel libero voluptas suscipit tempora.', '2017-02-01 12:17:44', 7, 23, 6),
(77, b'0', 'Voluptas voluptatem consequuntur laudantium nulla. Repudiandae debitis aut et dolorum accusamus ex. Eligendi aliquam veniam culpa aperiam voluptas et. Minima iste et molestias esse iste tenetur enim. Impedit vitae quas culpa id quidem eveniet sunt et. Voluptatem optio non in quaerat. Nostrum praesentium deleniti iusto corporis vel. Voluptas omnis possimus pariatur blanditiis omnis voluptas. Quidem dolorem cupiditate voluptatem quo repellat corporis. Quo et et tempore exercitationem.', '2017-02-01 12:17:44', 6, 8, 32),
(78, b'0', 'Cumque molestiae itaque quam quae nostrum reiciendis. Beatae perspiciatis ducimus et quis. Illo repellendus consectetur eaque deleniti in veniam cum. Qui voluptates ad quam. Autem labore provident et vel id ad. Modi voluptas et ducimus saepe architecto. Molestiae est sit qui. Rem aut repellendus quo laboriosam inventore quo.', '2017-02-01 12:17:44', 3, 30, 22),
(79, b'0', 'Sit harum ullam quo tempore sunt. Incidunt voluptas perspiciatis animi aliquid rem. Ut suscipit quos et voluptatibus fugit. Nihil vel alias et qui vel et a dolorem. Odio minus nemo ipsa neque neque quas. Non vitae cupiditate sapiente similique voluptate et. Natus unde quibusdam saepe eum voluptas.', '2017-02-01 12:17:44', 1, 14, 48),
(80, b'0', 'Sint quisquam ad voluptatem est. Sed rerum ut et fuga. Et et sunt dignissimos. Sunt ab et a maxime ipsam debitis. Hic quos velit autem labore voluptatem consequatur aut unde. Quis aspernatur ut ut alias ut magni. Aut autem animi quae. Unde iste quia autem sed. Inventore sapiente dolorem iusto praesentium. Corrupti quis sint ad sed voluptate.', '2017-02-01 12:17:44', 9, 30, 27),
(81, b'0', 'Aut culpa error veritatis omnis ea quaerat. Expedita ut dignissimos velit ex. Tempore ipsa ut non quae iure ex qui qui. Nemo ducimus aperiam nulla amet mollitia dolore optio. Necessitatibus est est sunt et exercitationem et. Odit ratione in est cumque voluptatem porro expedita libero. Maiores ratione aut et tenetur repellendus est. Sed tenetur tenetur blanditiis facere. Dolorem eaque laborum facilis itaque distinctio. Qui est ipsam nam unde soluta. Rem natus sed expedita aspernatur. Eligendi error dolor nihil omnis sint quia aut.', '2017-02-01 12:17:44', 0, 50, 5),
(82, b'0', 'Est harum aspernatur nisi consequuntur. Cum aut laudantium necessitatibus alias. Laudantium enim corrupti eum totam non debitis ullam. Quos laboriosam voluptas aliquid qui possimus molestiae. In praesentium eveniet sit earum velit perferendis harum. Nihil debitis repellat atque soluta. Perferendis fugit quia adipisci tempora. Quia optio voluptas alias earum ut unde qui. Sed laboriosam blanditiis molestiae praesentium ut. Facere nobis explicabo eum.', '2017-02-01 12:17:44', 1, 37, 33),
(83, b'0', 'Aliquid voluptatum nihil pariatur. Nesciunt et qui commodi similique necessitatibus assumenda vel. Sint ut ipsam alias vero quia sed. Sint qui aut repellat dignissimos. Voluptas sed assumenda molestias quo quae velit eum. Voluptatem magni odio nisi eos. Nobis et ab animi. Id deserunt soluta sunt est repellat deleniti. Voluptas repudiandae consequatur aperiam. Quibusdam est magni voluptatem facilis voluptas ipsa eos. Sit corporis dignissimos similique corporis. Officia maxime impedit explicabo dolorem dolor. Officia expedita corporis aut assumenda omnis consectetur.', '2017-02-01 12:17:44', 0, 20, 25),
(84, b'0', 'Rerum sit qui et aperiam itaque eius. Illum dolores unde facilis repudiandae at rerum nihil. Neque voluptatem nesciunt sed maiores porro quas est. Alias voluptatum reiciendis accusamus ullam aut. Laboriosam qui animi nemo quibusdam rerum. Qui et in autem alias qui cum facere vero. Dolor qui praesentium illo nobis enim nesciunt. Perferendis placeat earum sed distinctio enim eum. Occaecati odio eum laudantium nesciunt culpa qui minima. Fugiat quos debitis sapiente odit quis vero eum.', '2017-02-01 12:17:44', 4, 18, 36),
(85, b'0', 'Amet exercitationem sunt quas est. Sed voluptates ullam illum sunt at vel. Inventore placeat minima corporis at aut. Voluptates molestiae quisquam eum nemo odio autem repellendus corrupti. Natus optio dolorem ratione enim totam nam et cum. Aut doloremque voluptas consequuntur magnam. Laboriosam saepe quia tempora quaerat accusamus sit eligendi. Quo hic vel quidem. Quia porro corrupti et sint id eos incidunt. Nobis porro placeat eius quisquam nemo quibusdam. Qui consectetur est earum inventore qui et sed. Nulla nemo molestiae quis earum labore. Amet voluptatem commodi a dolor earum fugit suscipit sapiente.', '2017-02-01 12:17:44', 9, 13, 4),
(86, b'0', 'Aliquid est expedita culpa consequatur et et expedita. Et commodi possimus in tenetur odit impedit. Voluptatem aliquam vel harum ut. Ut adipisci et laborum qui sapiente rerum impedit. Rem possimus corporis impedit impedit provident quasi eum. Aspernatur autem expedita et et et. Quibusdam architecto quibusdam excepturi odit exercitationem consequatur minima eos. Architecto quas ut assumenda reprehenderit sit illum suscipit. Nobis itaque architecto sed. Architecto consectetur sed impedit tempora quia. Reprehenderit sunt qui maiores omnis iure esse saepe magnam. Nihil tenetur blanditiis voluptatem facere. Molestiae expedita hic doloremque qui earum sit consequatur.', '2017-02-01 12:17:44', 10, 49, 47),
(87, b'0', 'Excepturi atque qui culpa. Qui dolor doloremque rem maiores officiis architecto. Ut reiciendis consequatur et vero consectetur harum est. Ab neque vel doloremque ut. Hic dolores ratione culpa repellat et saepe. Magnam impedit et omnis sed quidem. Rem voluptatem eligendi repellendus non expedita aliquam fugiat corporis. Voluptas quasi non qui consequuntur modi. Aut eos autem vel eius. Qui ducimus maiores consequatur aut. Debitis quia distinctio nisi labore. Illo molestias veniam veniam nihil dolores ex facilis.', '2017-02-01 12:17:44', 8, 45, 13),
(88, b'0', 'Labore voluptates libero quis vero quam deserunt quia vitae. Sunt aut reprehenderit consectetur officia assumenda est. Necessitatibus est totam aut. Tempora eligendi temporibus sint deserunt ipsam quaerat esse sit. Et in sit omnis asperiores veniam consequuntur quibusdam distinctio. Quia est quo veritatis placeat. Doloremque tenetur velit vel veniam modi in. Laudantium deserunt veniam cupiditate. Officiis soluta deserunt placeat vel consequatur aut.', '2017-02-01 12:17:44', 0, 40, 9),
(89, b'0', 'Aut quaerat dignissimos quis ducimus eos. Aspernatur qui debitis neque quasi debitis. Eum quae omnis et dolores qui natus. Fugiat corrupti repellat et nisi impedit consequatur quae. Aliquid harum repellat aut eligendi sit. Quod doloribus est esse consequatur. Adipisci eum omnis laudantium in cum. Dolore omnis inventore provident quos aut dolor quas. Blanditiis nobis non autem nemo voluptatem nisi. Et odit natus voluptates nostrum fugit. Et ducimus quia quis fuga quos. Omnis reiciendis modi dolorem. Minima sapiente doloribus rem dolores perferendis blanditiis ut. Enim ut animi ut et explicabo qui ratione ut.', '2017-02-01 12:17:44', 3, 15, 43),
(90, b'0', 'Temporibus illo et non tempora. Beatae beatae placeat voluptatem reiciendis. Tempore qui et inventore ut quia iusto. Ducimus sed qui ut harum omnis occaecati. Distinctio architecto et officiis ex aspernatur sint iure. Dolore laudantium dolorum recusandae consequatur. Omnis debitis ipsam voluptatum dolorem est aliquid ut officiis. Quasi quam sed dolorum unde ipsum dignissimos impedit. Dolores inventore ipsa et. Illo esse sit ut. Molestiae corrupti accusamus quisquam enim et voluptatibus dolor.', '2017-02-01 12:17:44', 4, 22, 32),
(91, b'0', 'Incidunt qui earum eius nihil quis voluptas. Aliquam ab et voluptatem quis. Cumque nulla harum minus aperiam itaque enim odit. Sit sapiente blanditiis eum eos voluptas unde quis facere. Libero et perferendis dolor soluta dolorem asperiores dolore qui. At voluptatem nam optio deleniti. Omnis non aut eos sint quibusdam. Vel necessitatibus reprehenderit tempore minima quis est minima. Reiciendis quidem blanditiis consequatur quisquam quos. Est aut et voluptatibus et magni et consectetur. Iure vel vel iste nam.', '2017-02-01 12:17:44', 5, 9, 39);
INSERT INTO `answer` (`id`, `is_best`, `content`, `created_at`, `votes`, `question_id`, `user_id`) VALUES
(92, b'0', 'Nemo fugiat nemo impedit praesentium velit soluta. Amet sit possimus dolore et voluptatum sed. Quasi sint recusandae sit vel. Sed ut dolore officia ipsam reiciendis tempore et. Exercitationem voluptatem impedit molestiae neque ipsa perferendis. Enim dolores quod qui eius. Omnis rerum earum placeat vitae sequi. Rerum magnam est error eos molestiae aliquam. Omnis officia quisquam hic quisquam ex. Totam eum culpa blanditiis. Eveniet deserunt voluptas reiciendis et quos soluta ut. Consequatur enim quia est vitae culpa. Dolorum maiores cupiditate consequatur facilis dicta non. Maiores autem numquam ducimus dolorem quis ea itaque.', '2017-02-01 12:17:44', 4, 23, 12),
(93, b'0', 'Quia quia odit facilis quia voluptas ut est ut. Quam et occaecati exercitationem repudiandae odit. Vitae occaecati enim fuga. Rem reprehenderit officia eius veritatis numquam optio. Aut tempora qui est sit quae. Nostrum quia quos est aspernatur accusantium totam. Et sed dolores voluptas vel. Facilis dolor necessitatibus aut et. Nihil architecto et alias dolorem similique. Aut quod temporibus accusamus sed veniam amet. Qui veritatis ut et facere maxime distinctio laboriosam qui. Quia autem reprehenderit dolores nesciunt qui ea quae.', '2017-02-01 12:17:44', 2, 45, 35),
(94, b'0', 'Dolore et est non. Nesciunt eveniet molestiae perferendis vitae consequuntur nisi consequatur. Voluptas fugit omnis velit molestiae illo reiciendis ipsa placeat. Dolores mollitia voluptatem excepturi et. Adipisci aut atque amet veniam reprehenderit voluptate. Id provident mollitia quia. Asperiores exercitationem asperiores dolor eum. Voluptas ut est recusandae et.', '2017-02-01 12:17:44', 1, 49, 6),
(95, b'0', 'Eius commodi nobis illo animi. Reiciendis autem iste ut ut aut aspernatur illum. Perferendis quidem esse dignissimos repudiandae totam temporibus. Accusamus eligendi occaecati sint delectus soluta cumque architecto atque. Non modi aliquam cum molestiae voluptas rerum. Aliquid deleniti odit est. Quidem iure dolorem nam enim. Et incidunt rerum perferendis dicta. Ratione asperiores sit numquam amet pariatur dignissimos mollitia. Eum omnis reiciendis saepe tempora necessitatibus rem. Doloribus nihil mollitia expedita minus nihil perspiciatis. Voluptatem perferendis autem error cumque aliquid. Nam porro dolore officiis adipisci. Dolorum qui quia nemo impedit rem nemo.', '2017-02-01 12:17:44', 0, 35, 15),
(96, b'0', 'Id maxime temporibus voluptas nemo. Maxime quidem ratione neque qui dolor voluptatibus nam. Dolore id est sapiente et et laudantium mollitia. Tempora dolore voluptatum dolorem omnis qui. Voluptatem officiis voluptas delectus sit natus corrupti velit. Saepe atque voluptatem reiciendis nihil similique. Dolorum sed eveniet magni molestiae molestiae non voluptas. Doloribus velit similique nesciunt voluptas eos aut in. Soluta rem ut qui delectus mollitia ipsa molestias. Et nobis neque amet. Rem voluptas suscipit labore labore. Architecto est dignissimos omnis maiores.', '2017-02-01 12:17:44', 1, 41, 48),
(97, b'0', 'Ut quia omnis voluptas enim inventore. Omnis non sit sint fuga nesciunt aperiam. Nobis numquam placeat quia in rerum ut. Delectus sint iure illum quia vero. Quae placeat rem impedit quidem esse non nihil totam. Et voluptatem sunt iure sunt. Aliquam nihil ut tempore officiis consectetur qui magnam. Eum ut id non dignissimos. At quaerat ducimus sit. Autem est debitis aliquid officia. Et rerum culpa aut porro. Excepturi in aut nisi vel et voluptatibus fugiat nesciunt. Iusto aut iste rerum. Culpa reprehenderit officiis error voluptatem explicabo molestias dolor.', '2017-02-01 12:17:45', 5, 48, 43),
(98, b'0', 'Natus velit dolore ut. Nemo esse sapiente asperiores magnam quis omnis neque ad. Quia ad nihil quos ut. Iste nostrum voluptate cumque est delectus consequatur. Unde voluptatem debitis hic vel. Sint qui quis velit omnis aut odio occaecati. Aut accusamus quis eligendi iste debitis quia deserunt. Et ea quasi quidem ratione illo tempora autem ea. Architecto ex esse ut ut sit omnis aspernatur. Quis autem voluptatibus ullam natus sit magnam. Dolor in quibusdam ipsum placeat dolor consequatur qui. A quia fugit quia cumque nobis. Ex et eos quasi nobis illo nemo. Sit magnam cupiditate vitae tempore dicta aperiam quia est.', '2017-02-01 12:17:45', 0, 25, 32),
(99, b'0', 'Aliquam odit incidunt repellendus aut nihil fugiat eum. Dolorem dignissimos ut eos nulla non. Voluptatem voluptas incidunt dolore repellendus qui repellat eaque. Ut dolor sint voluptatum ut nesciunt et. Ea facilis quia veritatis minima. Facere quis vitae laborum explicabo atque. Earum quos fugit sequi nesciunt assumenda. Sit blanditiis ut repellat non quasi modi dicta quia. Eligendi aut quasi praesentium nulla et. Sit eligendi et eum eos quia quaerat laborum. Voluptatem atque inventore molestiae. Perferendis provident id deserunt necessitatibus.', '2017-02-01 12:17:45', 4, 8, 37),
(100, b'0', 'Fugiat labore omnis magni voluptate sequi ducimus. Reprehenderit provident incidunt unde deleniti unde. Tenetur ut dolorem perspiciatis quis inventore quod. Officia et qui omnis dolorem in. Enim molestiae accusamus aut consectetur. Quasi qui qui placeat laborum quibusdam. Ut et ratione voluptatum numquam consequatur eum ea. Distinctio quis soluta ipsum incidunt error in vero sed. Et fuga delectus aut natus. Eveniet velit nobis quia vitae aperiam est. Doloribus unde dignissimos voluptatem ipsum sint placeat qui. Voluptatem odio fuga minus exercitationem accusamus in. Atque fuga atque inventore aliquid vero aut.', '2017-02-01 12:17:45', 2, 49, 26),
(101, b'0', 'Dolores doloribus doloremque veritatis consequatur. Non animi sed dolores magnam labore dolore. Sint ex ratione qui et est perferendis nobis quasi. Sit ducimus in aut voluptatem similique atque illo. Nisi aperiam quis et qui sed aspernatur velit. Perferendis voluptatem officiis et non accusamus velit. Ullam in et eaque dolor sunt. Sed explicabo voluptas velit eos rem.', '2017-02-01 12:17:45', 9, 47, 17),
(102, b'0', 'Aut voluptas sunt cumque sit nesciunt laboriosam nemo. Quia aut voluptate assumenda sint blanditiis. Facilis et ducimus exercitationem dolorum natus. Dicta quod est nihil cum est expedita nemo nulla. Dicta quos molestiae ut autem qui nihil recusandae. Minus sunt harum quia molestiae minima deleniti et voluptas. Cupiditate sint molestiae eligendi. Ullam tempore aspernatur fuga accusamus architecto numquam aliquid. Cum unde consequatur accusamus aspernatur placeat nobis quibusdam qui. Eligendi repudiandae suscipit quisquam porro aut asperiores voluptatem. Corrupti et omnis adipisci qui est eveniet ut. Et enim aut et autem odit. Reprehenderit soluta sint beatae quaerat in non inventore.', '2017-02-01 12:17:45', 7, 9, 16),
(103, b'0', 'Quae eius mollitia rerum natus vero recusandae. Eaque labore veniam deserunt non nemo consequuntur. Veritatis animi dolores eius et officia voluptatem illo. Qui dolorem totam doloremque labore perferendis ea. Alias ducimus ab voluptatem non quibusdam inventore voluptas ducimus. Temporibus eum ipsa soluta nisi quia. Occaecati harum quis excepturi repudiandae non ea dolorem.', '2017-02-01 12:17:45', 1, 3, 30),
(104, b'0', 'Non dolor qui aut vitae. Magni nihil consectetur est amet. Culpa fugiat ullam inventore est dignissimos. Blanditiis amet sint mollitia ab enim repellat eum. Unde architecto eligendi ea culpa error a consequatur. Ullam repellendus modi omnis et accusamus. Magnam similique voluptas amet nisi fuga eaque deleniti. Rem qui magnam temporibus sed nesciunt ut. Accusamus velit neque laborum voluptatum.', '2017-02-01 12:17:45', 3, 44, 28),
(105, b'0', 'Assumenda iste necessitatibus ducimus laudantium voluptatem odit. Non non eos laboriosam non optio voluptatem. Fugit occaecati nulla aut dicta et et molestias. Commodi a sed et earum. Dolorem cumque dolores sed quasi. Magni suscipit et enim. Enim voluptatem laboriosam voluptatum dignissimos. Sunt perferendis enim nulla expedita sit vero beatae. Neque aut eligendi id et vel minus. Culpa qui repellendus aut facere. Quasi inventore et ut minus.', '2017-02-01 12:17:45', 2, 47, 19),
(106, b'0', 'Modi quod atque debitis consequatur fuga voluptas. Ut perspiciatis numquam quidem voluptatum laboriosam dicta. Qui autem illo facere est sed. Iste est aut consequatur possimus modi id. Quia ut nobis adipisci voluptatibus. Optio consequatur voluptatem enim nisi aut. Eaque nihil est quasi autem enim at beatae. Debitis sequi occaecati rerum quibusdam et. Eos in repellendus earum voluptas eum earum recusandae in. Et aut quis necessitatibus et rerum esse pariatur. Dolores rem ut quisquam pariatur sint porro quod. Nulla id non non sit quae. Quis et velit eum quidem placeat animi. Optio at officiis facere cupiditate et quasi et reprehenderit. Dicta aliquam odio omnis illum voluptates.', '2017-02-01 12:17:45', 6, 27, 36),
(107, b'0', 'Fuga dolorem reprehenderit sint cupiditate. Architecto fuga id molestiae omnis eligendi. Minima non ut dolorum nihil libero corporis. Sunt nisi est tenetur quia id vel nemo. Rerum ipsam mollitia dolores et aut perferendis. Corporis numquam sunt modi quae quaerat facere. Atque facere impedit explicabo aut veritatis sit.', '2017-02-01 12:17:45', 7, 12, 28),
(108, b'0', 'Repudiandae pariatur perferendis nobis repellat minus eaque. Expedita id non ullam incidunt et rem ut. Voluptas voluptas est ut ab illum optio. Earum voluptatem autem praesentium temporibus ab. Ipsa commodi voluptates eligendi. Enim excepturi aut et similique. Atque quas rerum quis. Consequatur quia in et sunt. Rerum vel aut quos. Harum voluptate vel voluptates explicabo. Maxime non eveniet inventore quos.', '2017-02-01 12:17:45', 10, 10, 21),
(109, b'0', 'Odit sunt placeat soluta dicta mollitia. Eveniet vel perferendis quis nihil et. Minima eos facere nobis mollitia quae non voluptatem. Voluptatem ea omnis id dolorum. Ipsa numquam similique itaque quos vero. Iste et in incidunt at culpa iure. Ut enim in sunt possimus odio in. Sint qui nam consectetur. Modi eius nisi est minima libero architecto. Voluptate aperiam ea in. Libero illum illo ratione temporibus cum necessitatibus nesciunt. Autem ullam eum aut laboriosam quo quidem.', '2017-02-01 12:17:45', 2, 4, 20),
(110, b'0', 'Dolorem sequi reiciendis cum accusantium commodi ullam laboriosam. Recusandae molestiae quasi quia in. Reiciendis voluptatem et facere in nesciunt velit. Blanditiis ut labore rem. Eveniet numquam est labore ducimus rerum et sint eum. Ea maiores aut nostrum hic. Qui ex corporis ea ut aliquam ut omnis. Voluptatum amet est sit laborum. Unde id dolorem mollitia deserunt atque. Maxime est repellat officiis voluptatum sed. Et dolorum nulla accusamus beatae. Voluptatem ducimus assumenda quae aliquam.', '2017-02-01 12:17:45', 10, 43, 9),
(111, b'0', 'Fugit voluptatibus dolores culpa veritatis ut consequatur. Nesciunt sint maxime porro dolore a. Molestias veniam itaque excepturi. Et aut corrupti exercitationem consequatur unde. Aut voluptatem consequatur hic libero commodi suscipit et sequi. Magni animi fuga architecto veniam iste eos consequatur. Autem est repellendus dicta voluptatem qui. Earum et vero quis repudiandae. Natus reiciendis atque atque delectus dolor omnis. Laudantium aliquam aspernatur in dolorum. Architecto ut aliquam quis suscipit voluptatem odit.', '2017-02-01 12:17:45', 10, 33, 35),
(112, b'0', 'Exercitationem enim pariatur similique et. Id voluptatem voluptas rerum eaque unde. Voluptatem inventore ea eligendi. Dolor exercitationem corporis tempora et quis omnis voluptatem. Ullam illum eaque aut qui. Ut aperiam ut reprehenderit tempora quis praesentium. Vel numquam ipsum molestiae qui iusto ex facilis aspernatur. Voluptatum tempora illo ea et vel omnis. Neque et aut atque dolores. Ex cupiditate rem et optio voluptatibus qui odit.', '2017-02-01 12:17:45', 6, 44, 40),
(113, b'0', 'Et velit quod unde quidem esse voluptatem. Quas asperiores quibusdam id odit est assumenda. Minus vel sit cumque debitis et dignissimos. Consectetur sunt et et qui. Perferendis voluptas ad omnis. Quisquam atque quis eaque molestias voluptatibus corporis voluptas. Placeat modi repudiandae veniam et. Aspernatur inventore corporis sed maxime sed amet quo. Voluptatibus rem necessitatibus provident et incidunt. Quasi odio culpa ut et repudiandae eaque dolorem et. Temporibus et dolorem accusantium.', '2017-02-01 12:17:45', 8, 26, 44),
(114, b'0', 'Illo expedita perspiciatis a perspiciatis aut eos. Corporis et aut sint et quia nulla. Minima recusandae blanditiis voluptates voluptatibus vitae commodi laborum. Id eaque deleniti eaque illo est facilis at accusamus. Rerum et ratione delectus. Sapiente voluptatem impedit excepturi libero. Eum eos impedit animi et et sint.', '2017-02-01 12:17:45', 0, 44, 35),
(115, b'0', 'Aperiam aspernatur doloremque quam et quam. Temporibus omnis sit accusamus illo. Illum consequuntur nihil labore et. Libero ipsa aut quia illo laborum eos et. Sit qui ea quasi possimus aut. Quia temporibus voluptas incidunt consequatur cupiditate doloribus odit. Qui neque voluptatem labore totam. Provident dolor alias sint et. Aliquam sint omnis sint delectus hic minus omnis. Ea delectus consequatur ratione at sint hic.', '2017-02-01 12:17:45', 4, 45, 12),
(116, b'0', 'Impedit nisi et voluptas totam. Deserunt omnis incidunt consequatur deserunt sit. Enim natus quia incidunt. Impedit labore voluptas quasi minima sed. Nihil ex quia et nobis possimus. Asperiores eum aliquid voluptatem sint consectetur ut error. Sit voluptatum iusto facilis sunt hic ad et aspernatur. Ut voluptatem voluptatem eveniet id blanditiis. Maxime dolorem molestiae voluptas fugit assumenda tempora enim. Nobis ut praesentium nemo voluptatem molestias voluptas cumque.', '2017-02-01 12:17:45', 8, 21, 46),
(117, b'0', 'Officia nobis id beatae est. Aperiam est dicta perferendis est consequuntur itaque quia. Nisi consequuntur magni fuga ut dolore placeat est. Mollitia earum in dolorem praesentium. Vero similique eum voluptates. Eius aperiam corrupti quaerat nemo consectetur et odit. Repellat eius voluptatem facilis saepe voluptatem voluptatem consequatur reiciendis. Laborum quia voluptatem tempore beatae esse. Quia ut laborum et. Ad et nihil ut aliquid dignissimos ad exercitationem in. Fuga consequatur officiis qui qui aut quia. Error saepe sed harum quaerat harum rem.', '2017-02-01 12:17:45', 7, 44, 25),
(118, b'0', 'Nostrum sed magni distinctio modi. Qui aperiam voluptas impedit facere soluta. Dolor enim qui labore quo laboriosam at fugit. Blanditiis nam ullam enim est et quos labore. Ad deleniti a deserunt sunt ad. Possimus ipsam tempore repudiandae repellendus rerum. Saepe et commodi laudantium sed. Cupiditate sit sunt sapiente quia ut corporis. Ipsam rerum quod porro assumenda aut ut. Sunt voluptate et eum aut. Facere id aliquam modi. Quia voluptatem aut nisi. Impedit ullam quam aut beatae aut nostrum.', '2017-02-01 12:17:45', 5, 49, 4),
(119, b'0', 'Quam facere adipisci et qui nam quisquam sequi. Sint sunt distinctio ut ea sit odit. Pariatur voluptate doloremque facilis placeat placeat mollitia labore. Laboriosam nisi cupiditate omnis neque quod ad accusantium ipsa. Quam reiciendis magni veniam nemo corrupti. Id soluta dolorum aut commodi. Ut omnis fuga labore soluta ex a. Alias architecto assumenda corrupti enim. Et distinctio et sit distinctio quo autem. Unde nisi harum eligendi minima nihil dolorem corporis. Corporis at aut autem porro voluptate. Velit et est corrupti dicta aliquid repudiandae. Dolor ut et ut assumenda itaque veniam at. Magnam quisquam ea tempora non non facilis aut.', '2017-02-01 12:17:45', 5, 45, 33),
(120, b'0', 'Hic laborum explicabo optio excepturi omnis alias officia quia. Est sequi minus reprehenderit sed. Provident et et eos consequuntur. Assumenda sint recusandae dolor sed rem rerum distinctio. Atque vel facere tempore vel. Nam magnam excepturi et. Voluptatum quas quos nulla sed. Est ad quidem eum. Accusamus ea aliquam nesciunt sit consequatur perferendis corporis sapiente. Harum autem atque maiores sed porro aut.', '2017-02-01 12:17:45', 3, 10, 32),
(121, b'0', 'Aut repellendus quis excepturi. Sit eum molestiae perspiciatis sint. Voluptatum harum molestias beatae officia voluptate eum. Veniam aut qui et id et. Magni ipsam fuga iusto. Fuga laudantium nesciunt inventore voluptatem molestias illum mollitia explicabo. Rerum dignissimos enim id eaque. Odio eos eligendi exercitationem voluptatem. Nostrum dolorem minima tenetur quasi quo.', '2017-02-01 12:17:45', 4, 49, 25),
(122, b'0', 'Quia beatae culpa facilis alias in dignissimos. Nihil sint deleniti provident deleniti. Ipsam eveniet provident unde quia molestias laudantium quisquam. Occaecati id eveniet reiciendis ab error rem ut. Ipsa odit dolore rerum sed ut autem error numquam. Explicabo accusantium vero autem at dolor animi. Voluptates quod nemo possimus. Et ea enim rem sunt quia. Enim vitae rerum ut tenetur dignissimos possimus. Provident deleniti ut ducimus qui. Itaque repellendus at qui nulla quos. Et impedit neque omnis esse accusantium omnis sunt.', '2017-02-01 12:17:46', 4, 37, 15),
(123, b'0', 'Et et voluptas nemo optio. Nisi atque quia ipsa soluta. Iste eligendi libero doloremque ut cumque modi. Corrupti assumenda et occaecati voluptatibus cumque. Repudiandae eum nesciunt recusandae dignissimos. Explicabo et voluptatem dolor veniam. Molestiae harum magnam omnis aut placeat adipisci veniam.', '2017-02-01 12:17:46', 2, 30, 50),
(124, b'0', 'Ipsum omnis unde rerum facilis. Modi quae beatae nisi est qui. Commodi et doloremque praesentium nulla et aliquam iure. Et optio aut est id maxime. Ut et dolores est omnis natus inventore laboriosam. Provident aspernatur dolor consequatur debitis. Voluptates soluta voluptatum vel dolorum. Culpa necessitatibus atque molestiae qui quo ipsa. Velit eum corporis iure eos sit dolore.', '2017-02-01 12:17:46', 9, 50, 46),
(125, b'0', 'Non et excepturi excepturi mollitia. Sint harum enim qui delectus sit sint sapiente. Quaerat aut nemo est similique quibusdam excepturi aut. Saepe aut at et itaque. Reiciendis ex aut vitae dolores pariatur ut. Ratione hic magni ut aut perferendis quas. Nihil vel tempora autem quod. Quam esse dicta magnam voluptatibus ut nulla ullam. Consequatur perferendis occaecati dolor voluptates. Placeat ducimus aut at dicta atque temporibus.', '2017-02-01 12:17:46', 0, 42, 24),
(126, b'0', 'Et veniam et nemo excepturi. Ab adipisci vitae quos cum voluptatem quia necessitatibus. Deserunt quis perferendis mollitia cum eligendi ut eaque enim. Magni vel odit et non distinctio expedita. Praesentium maiores asperiores officiis adipisci mollitia. Inventore quasi quos qui dolorem at repudiandae earum. Dolorem animi hic et quas. Fugit facilis dignissimos sunt omnis dolor. Eligendi dolores magnam enim. Maxime distinctio vel quia dignissimos eaque dolorem at. Et esse ipsam ad dolorem natus.', '2017-02-01 12:17:46', 5, 24, 34),
(127, b'0', 'Earum aliquam et quo nihil magni ab quia quod. At in quia earum qui quo iste. Temporibus sed ut sequi. Aut perferendis ut consequatur exercitationem omnis. Non deleniti ipsum officiis maiores itaque. Aut ea ipsum animi ut vitae ut assumenda. Sint at a est nostrum. Sed cumque ducimus ex. Sit asperiores minus culpa dolores pariatur. Ut est tenetur commodi est quaerat. Qui voluptatem voluptatum exercitationem.', '2017-02-01 12:17:46', 8, 30, 16),
(128, b'0', 'Necessitatibus ipsam quam animi nostrum et porro. Magni nisi id aliquid cumque quo fugit. Quo earum officia quo eos labore. Illum atque nobis a tempora ut. Animi repudiandae vel quis eaque est accusantium placeat. Et qui alias quas et amet asperiores tenetur. Quia harum dolores voluptate eligendi nisi minus. Est ducimus sed consequuntur esse odio dolorem quasi recusandae. Fugit quisquam nihil ea quisquam placeat occaecati blanditiis. Quod deserunt quas et dolor eum facilis. Possimus et consequatur est aperiam. Maiores quo illo dolore et ut.', '2017-02-01 12:17:46', 6, 18, 46),
(129, b'0', 'Atque molestiae qui blanditiis quo. Dolor id eligendi sit quam laboriosam. Earum nobis aut natus illum expedita et doloribus earum. Asperiores sint vitae animi earum illum qui nulla aperiam. Dolorem nostrum dolores impedit repellendus fugit corporis. Officiis ad fuga nesciunt vero. Dolores harum reprehenderit veritatis ipsum dolor iure. Sint est quibusdam debitis quia id perferendis voluptas. Qui illo aut itaque qui. Dicta perferendis non pariatur libero. Blanditiis id atque excepturi exercitationem deserunt.', '2017-02-01 12:17:46', 9, 2, 14),
(130, b'0', 'Tempora velit corrupti est nesciunt culpa. Dolor quos tenetur quod sint blanditiis odio magnam. Earum iusto minima beatae id facere. Excepturi cumque enim perspiciatis id esse recusandae. Ut eos in voluptas voluptas animi hic ut. Veniam quo aliquid dolores quis commodi officiis. Aut hic aut asperiores perferendis eum adipisci iste. Voluptatem quod quidem nesciunt vel animi vel ut. Quos odit est et ut.', '2017-02-01 12:17:46', 9, 1, 41),
(131, b'0', 'Dolore atque voluptatibus eum eligendi quae debitis. Voluptas animi ut molestiae labore voluptatum. Nobis aliquam eius placeat consequatur et ut. Repellendus aliquam autem omnis ab earum aut. Sit repellat quis minima et ut distinctio voluptatem. Molestiae consequuntur corporis est nisi qui dolorem architecto. Nihil quibusdam saepe totam. Dolores exercitationem quaerat quo. Doloribus voluptatem ipsa expedita nostrum ut ducimus quas. Dolore sit qui ipsa optio.', '2017-02-01 12:17:46', 5, 36, 40),
(132, b'0', 'Consequatur ea adipisci dolores dolorem eligendi necessitatibus. Adipisci minima ut consectetur est. Aut ut modi iste eveniet. Voluptatem eveniet quam at est earum. Occaecati ut nisi voluptatem facere id dolore. Laudantium a reprehenderit nihil deleniti voluptatum. Assumenda omnis iusto quia ducimus rem animi ipsam. Incidunt itaque corporis cupiditate esse sint. Vitae occaecati debitis corrupti et est. Qui nobis quo deserunt labore quia aut autem. Autem necessitatibus ea odio earum dicta dignissimos eum eos. Asperiores velit amet quis voluptatem voluptate fugiat placeat. Quasi libero modi vitae dolores et ducimus porro vel.', '2017-02-01 12:17:46', 0, 5, 36),
(133, b'0', 'Sit temporibus est maxime facilis nihil sit. Voluptatum atque fuga nihil nulla. Totam ut et quae et occaecati perferendis modi. Labore voluptatibus iure nihil assumenda distinctio non quia blanditiis. Et repellat natus aspernatur quisquam aperiam. Ut repudiandae repellat incidunt ad dignissimos fuga. Assumenda velit voluptatem voluptatum quisquam beatae error. Quis quas sit reiciendis et velit ut. Aliquid et minima dolorum placeat in praesentium explicabo. Quisquam aperiam sunt qui ea. Officia et ab enim autem aut nesciunt deleniti. Nostrum qui est quos ut totam tempora eum.', '2017-02-01 12:17:46', 8, 10, 36),
(134, b'0', 'Laudantium eligendi ratione in aut. Mollitia consequatur laboriosam eligendi. Numquam error magni quia ratione tenetur eos. Totam enim itaque enim sequi nemo rerum. Ex sed cumque odit omnis iusto sint. Delectus a sed sunt quisquam et fugit. Autem esse voluptate dolores ut. Inventore omnis beatae eveniet quas hic ratione. Voluptatem doloremque et modi sed enim culpa ex ad. Provident quia culpa similique qui ut natus quisquam. Vero enim eligendi et qui rerum quod.', '2017-02-01 12:17:46', 4, 6, 44),
(135, b'0', 'Perferendis perferendis id ipsa est quam. Debitis iste totam quia animi odio consequatur magni. Dolorem voluptate fuga itaque sed consequuntur earum ex. Aut aliquid tempore cupiditate facere. Suscipit nihil ut recusandae eum ut nesciunt. Tempora nobis deleniti in laboriosam nemo cupiditate. Cupiditate aut in fugiat explicabo. Repellendus nesciunt corrupti quos. Consequuntur ut nihil quia perspiciatis porro veniam. Deleniti repudiandae dignissimos labore nobis. Occaecati porro placeat neque at quia. Quis et ut occaecati dolores. Blanditiis architecto aliquid dolores provident. Consequatur ut eius nemo ut voluptatibus.', '2017-02-01 12:17:46', 8, 48, 33),
(136, b'0', 'Aliquid et libero mollitia vel recusandae. Ducimus ut fugiat culpa voluptates ipsum voluptas unde. Repellat expedita rerum aliquam omnis. Dolores voluptatem et et consequatur. Et beatae illum ut aut ut. In et sunt sunt reiciendis qui quo ad. Sed voluptatibus dignissimos rerum perspiciatis tenetur. Similique ea ut magnam. Excepturi unde et et eius maiores ut quis. Sit tempora libero eveniet beatae sint.', '2017-02-01 12:17:46', 3, 2, 16),
(137, b'0', 'Nemo eos doloremque amet aut animi accusamus quibusdam. Autem mollitia doloribus commodi vel eum. Ut tempora qui cum repellat dolorem. In est possimus consequatur laboriosam. Recusandae nemo necessitatibus fuga est et expedita. Eum non labore temporibus perferendis placeat dolorem. Dicta eos et quia architecto dolore quasi consequatur. Eum blanditiis nesciunt deserunt quos. Et in et rerum porro est laudantium aut. Eos non deleniti aliquid ut eaque recusandae ex. Delectus sed quod eos nihil rerum. Dolor est quia officiis at.', '2017-02-01 12:17:46', 4, 47, 31),
(138, b'0', 'Non unde ut quae cum officiis odit nihil. Sunt cum sapiente aliquam aliquid maxime. Quisquam nulla sed voluptas et magnam accusamus. Voluptatem voluptas ab ullam enim dolor. Ratione cupiditate nesciunt est quo. Iure iste sint maiores sapiente ad consectetur et commodi. Laudantium voluptatem impedit maxime voluptas saepe molestiae. Sint inventore et eos ut.', '2017-02-01 12:17:46', 9, 14, 22),
(139, b'0', 'Minus dignissimos qui commodi ut perferendis hic et. Eius repellat blanditiis dignissimos facilis. Ab et animi ducimus provident voluptatem et eos. Occaecati deleniti eum officiis a explicabo. Qui quia repellat eveniet similique ut consectetur. Aut pariatur id repellat. Molestiae qui recusandae dignissimos molestiae.', '2017-02-01 12:17:46', 3, 32, 44),
(140, b'0', 'Est autem est voluptas cum similique. Blanditiis quam eos voluptatem sunt. Cupiditate optio perspiciatis expedita delectus cum neque ut. Quia a quasi rem aliquid qui. Aspernatur non aliquid reprehenderit eum nostrum. Laboriosam et est ad. Iusto animi ut ex in repudiandae. Porro voluptatem autem vero modi qui qui qui. Commodi atque tempore dolore hic sunt veniam. Voluptates optio ab recusandae est ea debitis et. Aspernatur eum sequi molestiae beatae quis labore dolores quis. Voluptatem quaerat rerum et exercitationem enim.', '2017-02-01 12:17:46', 3, 19, 40),
(141, b'0', 'Non sunt id qui et maiores. Hic aut eius sit harum consequatur. Commodi et qui dolorem saepe ullam. Et laborum consequatur et sit numquam cumque eos. Debitis ullam expedita reprehenderit. Molestias qui voluptatem aperiam earum quae. Nobis aut ut eos voluptatem sint. Dolores laudantium nesciunt voluptatem enim consequatur maiores. Tenetur explicabo et quos. Molestias quaerat architecto accusamus et voluptates. Molestiae omnis qui deleniti non dolores dolores. Sed voluptatem sit laboriosam magnam neque. Pariatur aut exercitationem ipsum necessitatibus molestiae ut. Et numquam accusamus voluptatem dolorem quae repellendus.', '2017-02-01 12:17:46', 6, 7, 2),
(142, b'0', 'Voluptas quibusdam quam voluptatum sequi tempore sed. Ex doloremque qui eligendi dolores qui nisi aut. Rerum officia praesentium necessitatibus debitis ut est. Placeat aut quia blanditiis voluptatem aut. Aut mollitia molestiae aperiam et ea qui alias. Laboriosam voluptas quibusdam ducimus nobis velit. Rerum recusandae illum tempora at explicabo sint. Fugit ut ipsa eos ea dolor quasi.', '2017-02-01 12:17:46', 4, 28, 19),
(143, b'0', 'Esse aut cum id inventore ut eligendi. Nam architecto sed vitae quibusdam eveniet sint reiciendis. Quia est at laborum dolore iste provident qui. Possimus rerum consequuntur praesentium deleniti rerum sit fugiat. Eum voluptatem quis incidunt aspernatur nisi esse amet quos. Distinctio non voluptate tempora voluptate dolor sed omnis. Praesentium ratione consequatur quia temporibus eius minima minima esse.', '2017-02-01 12:17:46', 8, 20, 33),
(144, b'0', 'Non maxime molestiae nesciunt recusandae est. Suscipit sed odit recusandae omnis corrupti in. Molestiae ut voluptatum neque sit eos rerum. Sed et debitis eaque tempora. Autem ullam sunt voluptas fugiat. Qui pariatur quod harum sed. Illo quibusdam ipsum commodi iusto voluptatum ad. Omnis neque totam ducimus sed alias suscipit dolor.', '2017-02-01 12:17:46', 4, 48, 39),
(145, b'0', 'Quibusdam tempora velit dolorum suscipit et repellendus quia. Nulla non ut repellat modi a voluptate velit. Fugiat et dolorum vitae nobis nulla nam sed. Cumque maxime aut quasi natus quia et a. Pariatur aut sed molestias esse maxime nam. Vel est quis fuga consequuntur quas hic asperiores. Sit ad qui quia. Sit inventore voluptate beatae illum quod eveniet. Voluptatem magni accusantium voluptate est enim qui explicabo rerum. Aliquam officia enim amet atque enim. Neque consequatur eius aut minus maiores. Libero et rerum commodi sit. Qui qui et voluptas beatae et id. Occaecati aliquid magni ipsum eligendi dolores blanditiis.', '2017-02-01 12:17:46', 9, 34, 50),
(146, b'0', 'Cum sit iure praesentium at. Fugit cum mollitia voluptate nam ducimus explicabo deleniti. Nam architecto qui ut quam rerum hic quis. Quo neque beatae quasi ratione repellendus molestiae totam ad. Quas architecto natus sequi adipisci inventore. Ad dolorum optio exercitationem earum ea eum et natus. Aliquid consequuntur ratione nostrum laudantium vero nisi. Atque consequatur minus eveniet odit doloribus odit enim. Aliquid eveniet accusantium omnis totam dolorem molestias.', '2017-02-01 12:17:47', 4, 27, 49),
(147, b'0', 'Ea dolores et voluptate. Sapiente aspernatur dolorum accusamus est doloremque sunt. Et quaerat qui aut assumenda et. Molestiae eius maxime modi expedita qui architecto. Odio deserunt consequatur et excepturi laborum. Sit est ut sunt corrupti laudantium. Corporis ipsa quis molestiae debitis facilis esse veniam. Quo tempora consectetur est totam ut ad voluptas. Quo id voluptatibus omnis aut. Ratione amet et fuga vel necessitatibus. Autem iure maiores alias corrupti maiores nisi veritatis. Eveniet repudiandae et eos at voluptas sunt in. Alias accusantium et quia consequuntur aut. Sequi labore voluptas ut error et sed sint.', '2017-02-01 12:17:47', 1, 25, 3),
(148, b'0', 'Consequuntur magnam odio deserunt recusandae temporibus. Nihil ut officia non ea. Ut est harum perferendis eos. Ipsa in culpa non. Nam perspiciatis aut dolore eos dolorem. Architecto officiis asperiores rem eum quia labore. Id est doloribus ea.', '2017-02-01 12:17:47', 3, 9, 33),
(149, b'0', 'Sit eum asperiores voluptas officiis illum ipsa. Ut iusto omnis sint officia magni corporis. Voluptatem quod a aperiam aliquam cupiditate voluptatem. Consectetur non in vel quis doloremque. Enim occaecati aspernatur accusantium tempora assumenda. Expedita quas beatae ipsum tempore aut. Nobis similique saepe maiores minus eligendi cum qui. Necessitatibus autem amet quos nihil dolorum. Dolorem magni qui at enim minus omnis.', '2017-02-01 12:17:47', 2, 17, 27),
(150, b'0', 'Magnam inventore alias suscipit dolor. Optio error quidem a eveniet iusto est sit. Aliquid sit quia aut qui et. Est sit dolorem autem modi distinctio consequatur non quia. Voluptatem sunt similique nihil praesentium eius libero perferendis. Maiores ut molestiae ut eveniet quasi quidem quia. Ullam totam tempore doloribus aut rerum. Doloribus molestiae cupiditate qui alias ut sapiente. Sunt voluptas provident vitae molestiae maiores. Quia inventore delectus quo a possimus. Sunt et quisquam vitae ut eaque commodi commodi. Illo est atque magnam. Similique aut similique aspernatur non quos asperiores.', '2017-02-01 12:17:47', 4, 30, 23),
(151, b'0', 'Nesciunt cum et velit laudantium. Tempora amet quas deleniti omnis vero sint. Nihil ut consequatur earum voluptas et sequi veritatis eum. Dolor culpa eaque ipsam vel corporis debitis. Nisi quia ut magni voluptatem error similique dolor excepturi. Nihil nisi hic voluptas maiores. Placeat deserunt exercitationem inventore minus ullam nostrum. Qui quis nulla expedita eum. Cupiditate quaerat enim quam reprehenderit ex voluptatem tenetur eius. Rerum distinctio in eveniet. Corrupti ratione fuga est id deserunt et autem. Vero et nisi dolores. Minima iure animi unde veritatis consequuntur aut quo. Corporis incidunt vel voluptatem nostrum numquam in.', '2017-02-01 12:17:47', 0, 30, 13),
(152, b'0', 'Amet est quae consequatur eligendi. Facere veritatis sunt corporis. Reiciendis vel repudiandae et molestiae. Quas laudantium ratione eum molestiae non. Laudantium voluptatem ipsa autem commodi placeat ut fuga eligendi. Molestiae ipsam corporis ut dolor et odio voluptatem eos. Ex harum esse consequatur et. Assumenda sit dolores quia aperiam consectetur eos. Nam voluptatem quia officiis commodi nobis. Qui veniam commodi aperiam laudantium repellendus tempore earum. Sed eius qui maiores voluptatum. Ratione aliquam voluptatem nesciunt aliquid.', '2017-02-01 12:17:47', 10, 11, 19),
(153, b'0', 'Qui omnis minima dolor asperiores dolorem. Excepturi sit voluptatem qui saepe assumenda qui. Omnis ea inventore voluptas amet voluptatum qui corporis. Rerum tempora mollitia in voluptates soluta nisi. Dolorum neque et labore deserunt eveniet ducimus. Quas beatae vel qui. Facere corporis quam corrupti dicta rem. Mollitia est cupiditate occaecati. Doloremque ratione sunt incidunt assumenda ut ut dolores. Illo eaque eius porro. Accusantium voluptate ea blanditiis nemo omnis et fuga ab. Hic aspernatur suscipit maxime dolor tempore sed repellendus. Quo ad aspernatur deleniti qui qui odio ducimus. Ullam voluptatem aut alias velit et.', '2017-02-01 12:17:47', 2, 1, 36),
(154, b'0', 'Corrupti aperiam assumenda necessitatibus sint voluptas omnis suscipit. Quisquam voluptatibus incidunt nobis ut quia dicta. Tenetur deleniti reprehenderit et molestiae. Molestiae porro quibusdam voluptatem sed. Et temporibus sit aliquid qui dolorem velit. Eius autem sunt in quo. Earum veniam optio tenetur dolores accusamus quaerat. In dolorum quam sequi debitis est animi. Aut hic eligendi facilis expedita et voluptas quos.', '2017-02-01 12:17:47', 2, 44, 28),
(155, b'0', 'Sit unde ex qui sapiente voluptatibus. Quidem nam dolores architecto laboriosam eum est et. Hic reprehenderit deserunt tenetur molestias rerum occaecati. Quia dolore voluptates commodi qui rerum saepe nihil. Eos non minima earum optio. Voluptatem iusto qui dolore accusantium ex dolores ut. Itaque et porro qui dolorum ad. Consequuntur est sint voluptas mollitia vitae vitae. Perspiciatis omnis ducimus impedit dolores autem et sunt. Sunt nam sunt facere.', '2017-02-01 12:17:47', 7, 28, 39),
(156, b'0', 'Qui velit dolore ea sunt. Omnis aut omnis aut qui distinctio amet eum repellat. Qui qui amet tenetur. Ipsa exercitationem omnis excepturi laboriosam. Praesentium deleniti autem est et molestias in vel exercitationem. Deserunt enim eveniet animi libero ut alias. Sunt temporibus excepturi corrupti neque occaecati numquam ipsa. Et excepturi esse non ut inventore et.', '2017-02-01 12:17:47', 8, 23, 34),
(157, b'0', 'Similique quis omnis facilis ipsum. Non earum perferendis consectetur voluptates ut nesciunt. Ad cum amet sed est qui est. Qui beatae veritatis velit. Sequi laborum velit voluptas ab et. Itaque veniam quis amet eum impedit perferendis. Illum quos ex ipsum temporibus perferendis debitis voluptatibus qui. Cupiditate qui beatae iure cum officia ex nam. Esse velit atque iusto incidunt dignissimos adipisci. Quibusdam quia totam necessitatibus voluptatum non officia neque. Ut necessitatibus est id minus. Omnis autem ipsam laborum dolorem. Aperiam modi sequi occaecati incidunt non id ipsam. Et veritatis non quasi sequi explicabo quia.', '2017-02-01 12:17:47', 8, 30, 7),
(158, b'0', 'Delectus animi deserunt est labore omnis rerum. Eligendi id omnis numquam. Odio eveniet ullam quisquam asperiores minima. Molestiae et reiciendis similique atque. Assumenda temporibus quos qui ut eum natus. Velit eos et et cupiditate quos est. Et eveniet voluptatem accusamus non magni illum molestiae. Quos harum voluptatum nostrum sint modi occaecati.', '2017-02-01 12:17:47', 4, 39, 35),
(159, b'0', 'Aspernatur optio dolor qui sit iste dolor omnis. Assumenda nostrum voluptatibus rerum sunt asperiores. Quo nisi vitae debitis qui. Odio quia dignissimos a alias et repellat. Eum ipsa non qui. Totam repudiandae rerum debitis voluptatum aut blanditiis modi. Nesciunt fugiat rerum ea maiores labore corporis. Sit omnis et aliquid quis qui sed. Provident laudantium officia et non. Nihil similique numquam rerum esse in sed.', '2017-02-01 12:17:47', 2, 26, 24),
(160, b'0', 'Adipisci modi voluptatum consequatur alias. Porro voluptas iure soluta consequatur. Debitis ut libero enim omnis temporibus velit expedita. Qui quia provident sint dolorem et doloremque qui. Ullam qui voluptas et velit. Omnis cum veniam et vitae et. Illum sit in similique. Earum eos sit vel nesciunt at tempora.', '2017-02-01 12:17:47', 6, 47, 46),
(161, b'0', 'Placeat pariatur earum impedit enim. Fugiat explicabo occaecati quibusdam sit quibusdam aut. Et fuga voluptatibus adipisci sunt et. Asperiores animi nesciunt placeat aut magni qui ut. Eaque reprehenderit asperiores accusantium dolor quidem ullam cupiditate quo. Quos quis blanditiis ut et at aliquid. Asperiores culpa ducimus dolore rem libero veniam. Laboriosam magnam molestiae aliquid omnis alias aspernatur dolorem. Accusamus rerum amet ipsum architecto.', '2017-02-01 12:17:47', 1, 29, 39),
(162, b'0', 'Et quis provident autem quo. Temporibus hic possimus amet voluptatem impedit totam. Et libero rerum cupiditate. Eum iusto autem eum aut aut consequatur velit. Aperiam dolor praesentium laudantium voluptatem eligendi aspernatur assumenda. Ipsam esse perferendis iure totam architecto id optio. Est expedita accusantium quisquam et. Magnam sit incidunt alias adipisci qui. Dolor sint aut quis nesciunt et. Vel aut suscipit amet facere nesciunt illo dolores autem. Optio quo cumque est quia. Laudantium vel corporis atque cupiditate harum voluptas. Explicabo voluptas perspiciatis nihil quibusdam doloribus aut molestias totam. Hic autem impedit saepe quidem ex eligendi.', '2017-02-01 12:17:47', 4, 47, 2),
(163, b'0', 'Sapiente quasi tenetur sit aperiam est. Eos iure quasi autem iste ut a vitae. Magnam quibusdam illo et consequuntur eos tempora. Voluptatem consectetur rerum omnis et est reiciendis eum. Voluptatem et quia nisi harum voluptas omnis. Tempore necessitatibus et quia praesentium iure aut. Harum ut qui voluptas et assumenda non in. Voluptas repellendus nesciunt qui. Est quos quis ullam molestias mollitia molestiae. Ut illum incidunt quo repellendus eius. Qui perspiciatis ut nesciunt quod rem aut illo.', '2017-02-01 12:17:47', 3, 7, 23),
(164, b'0', 'Velit temporibus qui voluptatem sit nam. Aliquid culpa voluptatem natus aliquid ipsa quod eum natus. Architecto voluptatem eum illum. Nihil quia nesciunt quibusdam maxime. Quas sit sed totam nulla odio veritatis possimus. Numquam omnis sunt eius et tempore. Temporibus modi nulla ullam necessitatibus nemo.', '2017-02-01 12:17:47', 3, 20, 44),
(165, b'0', 'Architecto et fuga itaque aspernatur ipsam amet vero. Illum a dolorem nobis temporibus. Quibusdam rerum quis rerum ex similique tempora deserunt. Sequi nulla excepturi et voluptatem praesentium eveniet. Qui aut vitae explicabo vel neque est enim. Quas aut qui assumenda et. Autem amet aut accusantium rerum iure voluptates. Quam quia necessitatibus non iusto non accusamus harum. Nisi quae perferendis sit tenetur eius amet facere. Ipsum dicta doloribus aut nemo amet. Sunt cum ut a eaque non consectetur autem. Ut debitis nobis quidem. Nostrum sapiente officia adipisci omnis dolore quia veniam.', '2017-02-01 12:17:47', 7, 25, 13),
(166, b'0', 'Id magni voluptatem atque aperiam. Cum commodi quo facere blanditiis ullam. Nostrum omnis aut sequi ratione quae maiores autem. Sit labore quia asperiores eveniet ducimus autem ad. Suscipit tempore tempore esse dolores. Eligendi corrupti quia earum nihil architecto omnis minus. Quasi repellat et voluptas. Ut et ut unde cupiditate aut. Et consectetur temporibus nam quo qui ut dolorum. Culpa tenetur omnis eum dolores porro. At minus velit amet cumque quos distinctio neque. Quia illo est expedita. Tempore doloribus ducimus recusandae sint nemo. Facere aut et perspiciatis error aperiam quia aspernatur.', '2017-02-01 12:17:47', 3, 27, 45),
(167, b'0', 'Odio quia eum tenetur aut deserunt in. Dolores et et rerum omnis aut nihil id. Quis earum expedita aliquid facilis et quae aliquam. Et odio soluta possimus dicta qui ipsum. Necessitatibus ut rem possimus eum aliquam itaque. Tempore nihil suscipit quae recusandae molestiae nihil alias. Sint reiciendis pariatur voluptatibus quos sint. Aut aut numquam dolor ipsam. Omnis aut sequi voluptatibus ea. Explicabo rerum aut exercitationem quis qui ea veniam sit. Minima quia ad distinctio magni. Aut velit in beatae dolorem tenetur voluptates ex. Non et pariatur molestias qui asperiores.', '2017-02-01 12:17:47', 5, 49, 34),
(168, b'0', 'Ipsum voluptatem vero omnis. Architecto quibusdam aliquam consectetur dolores. Quia sequi asperiores nihil ullam itaque amet fuga. Non porro officia aliquid aspernatur ullam fugit consequatur qui. Qui tempore aut minus delectus et et velit. Suscipit et esse voluptas rerum aut sed. Qui nisi magni sit sed iste non illum labore. Ut ullam beatae temporibus. Nulla deleniti rem ut occaecati laborum vitae. Sit voluptatem aut quia aspernatur quaerat. Aperiam et velit quibusdam saepe dolore sequi placeat. Aliquid vel nihil repellendus minus iure.', '2017-02-01 12:17:48', 3, 44, 9),
(169, b'0', 'Repellendus quod dolores vitae aliquid enim consectetur nulla. Molestiae qui ducimus vitae aut vel velit id. Harum vero nostrum laudantium sunt facilis consequuntur. Dolorum rerum nobis est inventore vero. Distinctio consectetur molestiae fugit labore. Possimus est dolor quisquam fuga. Molestias quos iure cumque quisquam. Adipisci dicta ut vel et reprehenderit distinctio ducimus est. A quod labore in enim ut est. Quas voluptatem libero itaque rerum tempora reprehenderit ea ratione. Illo saepe nemo ipsam autem ab. Ea corrupti repellendus non praesentium. In accusantium laudantium ipsum consectetur dolor distinctio. Porro ea vel aut quas sint aut. Sunt dolorem laudantium placeat mollitia excepturi.', '2017-02-01 12:17:48', 8, 6, 34),
(170, b'0', 'Consequatur praesentium sunt ducimus et et consequatur distinctio. Autem illo facere soluta reprehenderit asperiores laudantium. Ducimus voluptatem et doloremque voluptas. Voluptatem velit saepe rerum repellat maxime. Qui labore ut omnis debitis itaque. Error hic soluta velit molestiae. Modi recusandae rerum quis ut quo consequatur quod. Et debitis eius doloribus qui et odio. Cumque non quae ut aspernatur.', '2017-02-01 12:17:48', 6, 34, 34),
(171, b'0', 'Sed et quo voluptatibus quidem sit dicta et. Eaque et ex voluptas commodi inventore ratione velit. Voluptas omnis unde minima recusandae. Sunt illo ipsa accusamus dolores et sed voluptatum. Sit eos velit debitis ab neque sit. Dolores rerum aut rerum ipsam debitis odio dolorum. Nihil quaerat mollitia magnam tempore consequatur et omnis non. Est inventore adipisci debitis voluptas non officiis. Earum est et quia. Expedita reprehenderit accusamus odit debitis necessitatibus qui culpa. Incidunt consequatur vel corrupti a labore labore. Cumque illo aliquam impedit est officiis voluptas.', '2017-02-01 12:17:48', 2, 2, 39),
(172, b'0', 'Nobis ut veniam animi totam. Consequatur numquam recusandae architecto est dolor quas quasi. Quia facere doloremque et ea officiis sit voluptas. Impedit aut quasi laboriosam est itaque. Qui qui vel quia molestias vitae occaecati illum aut. Officia qui iusto aliquam fugit necessitatibus. Consequatur eveniet earum et consequatur eligendi quasi. Praesentium atque corporis et ullam non sit dicta. Et fuga quia cum minima expedita amet.', '2017-02-01 12:17:48', 4, 38, 15),
(173, b'0', 'Voluptas animi autem qui quo numquam. Voluptate eaque modi modi est est. Voluptates non soluta voluptatum rerum. Ut fugiat et quod veniam magni eveniet amet deserunt. Iste corporis incidunt harum corrupti. In quisquam ab consequatur ducimus deleniti optio. Numquam ut dicta expedita nam nulla et. Nostrum ut minima ut non in dolor corporis. Enim dolores expedita quia harum vel voluptatem ipsum et.', '2017-02-01 12:17:48', 3, 37, 19),
(174, b'0', 'Eius necessitatibus explicabo nam ratione. Perspiciatis qui delectus laudantium voluptatum. Sunt eius nostrum corrupti culpa ab distinctio. Enim aut non veritatis excepturi optio facere atque veniam. Odit modi sit error nobis aut sit. Mollitia perspiciatis non voluptas neque voluptatum. Perspiciatis id necessitatibus nam delectus. Ea corrupti vitae minus et et officia. Quaerat explicabo quo vel at aspernatur sequi occaecati. Temporibus optio qui accusamus sint veniam doloremque. Repellat dolores pariatur nesciunt reiciendis. Repellat cupiditate aliquam consectetur vel qui. Fuga neque non est atque aperiam molestias saepe. Voluptatem aut illum vel ut laudantium.', '2017-02-01 12:17:48', 8, 49, 5),
(175, b'0', 'Recusandae officia unde voluptatibus accusantium dolores ipsum. Et quis aspernatur et reprehenderit asperiores. Sed odio voluptatum ut quod quasi in. Autem optio eos voluptas nobis non inventore laboriosam. Aut adipisci sed dolorem quod et ut cupiditate. Hic necessitatibus at vel labore sunt et. Dolorem incidunt laudantium corrupti dolore minima voluptas unde et. Consequuntur non ducimus sapiente repudiandae porro eum ipsa. Esse voluptas ea eius dolorum provident. Et sed maiores et molestiae fuga occaecati perferendis. Adipisci voluptate cupiditate et aut autem.', '2017-02-01 12:17:48', 8, 21, 20),
(176, b'0', 'Sed minima neque ipsam corrupti assumenda dolores similique. Est corporis quod sed et facilis. Dolore dolorum iure qui nostrum amet. Deserunt et esse est in earum dolores. Quia eos quae architecto est. Corrupti sit qui doloribus architecto. Possimus et temporibus non et libero saepe in dolor. Non blanditiis dolor et numquam sit. Voluptatum molestiae iste eaque iure reprehenderit. Ipsa eos laudantium est atque dolorum hic. Nesciunt in rem fuga commodi.', '2017-02-01 12:17:48', 1, 47, 51),
(177, b'0', 'Consectetur nam veritatis non et quis provident fugit. In sint sit placeat aut et corporis a. Suscipit sunt sit iste officia dolores qui est voluptatum. Ex et autem atque quae autem. Voluptate voluptatum quibusdam ut pariatur. Omnis reprehenderit beatae aut eos eos. Quae dolor repellendus fuga recusandae delectus architecto impedit.', '2017-02-01 12:17:48', 7, 48, 26),
(178, b'0', 'Minus ut harum quasi perspiciatis nihil libero. Et labore esse amet molestiae voluptas illum. Ipsam sequi sed distinctio quidem. Sed labore voluptatum perspiciatis modi facilis unde. Ut odit similique voluptas itaque asperiores saepe. Iste et nostrum rem quasi voluptatem. Cum possimus repudiandae vel quam. Illo sit velit cum et error quia ipsa non. Quis fugit molestias vel aspernatur ut nulla praesentium. Blanditiis maiores numquam sit similique optio. Qui dolor sunt qui porro blanditiis aut cupiditate. Occaecati eius porro officia. Incidunt magni aut possimus fuga. Doloremque doloremque a veritatis excepturi dolores vel exercitationem reprehenderit.', '2017-02-01 12:17:48', 3, 50, 29),
(179, b'0', 'Impedit itaque quaerat quia ipsum non necessitatibus rerum. Fuga omnis ea vero perferendis reiciendis illo accusamus. Ut omnis aut reprehenderit consectetur. Quia consequatur ad aliquid dignissimos explicabo. Vitae incidunt est voluptatem qui. Ut et at corporis rem pariatur. Non et perferendis et est recusandae. Error delectus necessitatibus possimus fugiat optio unde. Ratione fugiat aliquid est atque eveniet. Autem vel quidem perspiciatis similique. Qui quia pariatur iste facilis error non ut voluptatum.', '2017-02-01 12:17:48', 10, 37, 36),
(180, b'0', 'Quidem est qui saepe sunt cumque nobis consequatur. Perferendis quia sit consectetur nulla et. Corrupti enim atque sunt placeat. Vero rerum aliquid fuga non eligendi sed perferendis error. Veritatis perferendis cum ut deserunt quae. Quam quae quidem debitis consequatur. Et quod eveniet beatae doloribus et odio facilis. Reprehenderit quod quasi nostrum et nostrum soluta consequuntur. Molestiae doloremque dolores architecto sunt iste sed quia.', '2017-02-01 12:17:48', 2, 37, 31),
(181, b'0', 'Ut quia recusandae voluptates dolore ratione. Dolore ab placeat facilis non quidem omnis sunt qui. Esse itaque ut nostrum et perferendis. Est nemo unde laborum aliquid natus dicta. Laborum quaerat voluptatibus ut adipisci qui. Culpa ipsum suscipit sapiente nemo. Consequatur quis dolores consequatur similique vitae dolores incidunt labore. Quod hic exercitationem doloribus aspernatur blanditiis aut. Autem aspernatur aut eaque quo. Porro rem eius quod reiciendis dolores cumque doloribus. Odit eos et quos eaque. Adipisci quasi aut fugiat et accusantium laborum.', '2017-02-01 12:17:48', 4, 14, 3),
(182, b'0', 'Qui et ab repellendus iusto mollitia qui aperiam accusamus. Officia dolorem expedita voluptatibus at in quod voluptatibus sed. Eaque deleniti beatae voluptas. In officia magni est earum. Libero nulla alias consequatur. Enim error non velit velit. Excepturi quas corporis corporis velit et qui mollitia excepturi. Tempore animi est animi suscipit harum. Eos officiis aliquam dolor veritatis et. Voluptate iure eos sit nulla. Aut consequatur fugiat sit in. Quo facilis cupiditate rerum saepe recusandae ab.', '2017-02-01 12:17:48', 10, 42, 12);
INSERT INTO `answer` (`id`, `is_best`, `content`, `created_at`, `votes`, `question_id`, `user_id`) VALUES
(183, b'0', 'Quo aut voluptate sit voluptatibus voluptas quia. Voluptatibus necessitatibus sit modi et occaecati qui amet nesciunt. Aut minima consequatur impedit similique officiis. Voluptatem eaque reprehenderit aperiam quae. Ipsa eveniet commodi quos rerum quis voluptas aut. Enim aperiam sint accusantium aut. Placeat voluptates quia ut et beatae. Ut earum maxime dolorem voluptate cumque. Aut officiis deleniti odit dolorem et quas. Consequatur in exercitationem dolore modi laborum distinctio eos. Consequatur autem id omnis id qui qui consequatur. Iusto modi fuga placeat non cum adipisci. Minima aspernatur doloremque consequuntur error. Doloribus accusantium provident corrupti quaerat harum.', '2017-02-01 12:17:48', 3, 32, 44),
(184, b'0', 'Culpa dolorem non veniam qui molestiae aut ad. Inventore consequatur dolore iste nesciunt quis consequuntur. Iste eum expedita aliquam ipsa voluptatem. Vitae eum deleniti laborum optio dolorum. Eum nostrum neque nostrum aut. Consequatur non corrupti natus doloribus possimus cupiditate. Dolorum deleniti tempora tempore placeat iusto et. Nostrum mollitia corporis optio aut hic autem illo esse. Est dolorum praesentium perferendis veniam. Quia id praesentium eveniet dolore. Expedita ab corrupti est odit aut aut reiciendis autem. Excepturi optio autem minima cupiditate rerum. Quia nam consequatur perspiciatis qui.', '2017-02-01 12:17:48', 2, 33, 7),
(185, b'0', 'Quia natus est voluptatem aut rerum quia. Labore eveniet aut sunt quia. Repellat vitae a consequuntur labore eos culpa. Debitis veritatis maxime repudiandae odit sit id dolores. Corrupti optio omnis voluptas delectus natus. Voluptatem dolorum debitis dolores non cumque voluptatem. Ut perspiciatis est velit aliquid qui fuga. Quo molestiae distinctio veritatis ut sunt rem. Labore dolore et dolore sint. Et eius veritatis architecto reprehenderit odio quaerat necessitatibus distinctio. Optio facere blanditiis repellendus aut eos nobis animi. Natus dolores qui corporis iste. Deleniti eos occaecati debitis.', '2017-02-01 12:17:48', 8, 2, 42),
(186, b'0', 'Sint facere placeat eligendi dignissimos modi quis ut. Non distinctio eaque minus eos mollitia reprehenderit aut. Vero explicabo dolorem quia dolorem. Et quos quo vel deserunt autem. Est ullam in et molestiae. Maiores iusto qui et. Architecto ab voluptatibus omnis ratione nihil eligendi. Dolores commodi quaerat sit asperiores numquam minus sunt. Incidunt veritatis facere aut esse repudiandae. Voluptatum provident eum dolorem. Consequatur et nisi sed explicabo excepturi voluptatem optio. Eos itaque molestiae quaerat omnis eos quia. Excepturi qui in aut dolores omnis.', '2017-02-01 12:17:48', 6, 17, 16),
(187, b'0', 'Aut ut aut sed impedit illum. Perferendis voluptas velit expedita architecto iure dolor. Quod expedita sunt debitis repellat occaecati sed explicabo quod. Odio asperiores iusto quaerat aspernatur. Facere vero aut eos doloremque. Odit illum at dolorem tempora. Atque cumque distinctio aspernatur modi aperiam. Odit sunt et esse voluptates quam. Et eos modi optio eos. Exercitationem consequatur natus illo ea soluta quo.', '2017-02-01 12:17:48', 4, 50, 2),
(188, b'0', 'Porro vitae est eum quia enim exercitationem. Dolorem nihil blanditiis id optio. Praesentium aliquam dignissimos enim et nihil. Sint dicta dicta veniam et. Quam voluptate ullam quia ea omnis. Nemo qui voluptatum ab. Et facilis reprehenderit similique est. Quia quae reiciendis dolores.', '2017-02-01 12:17:48', 4, 1, 43),
(189, b'0', 'Perspiciatis enim officiis harum consequatur necessitatibus sit. Aliquid nihil ut et ipsum. Eos atque et id quam. Consequatur eaque ducimus voluptas. Officiis perferendis minima iusto deleniti veniam atque. Delectus dolorum est eaque odit nihil eos nemo. Doloribus velit aperiam nulla quia. Velit sint sit numquam sequi aut nemo dolores. Non modi quis aperiam rem doloremque veritatis ex perspiciatis. Voluptatem cum expedita maxime laudantium sint eum veniam. Nisi ut cupiditate consequuntur esse magnam.', '2017-02-01 12:17:48', 5, 29, 31),
(190, b'0', 'Molestiae placeat blanditiis reiciendis voluptate. Distinctio non et expedita error atque. Rerum qui sit labore optio. Odit voluptatibus sit corporis fugit minima ipsa perspiciatis sed. Nostrum ea et et qui ex aliquam nihil ut. Enim id quia qui id omnis in voluptatem. Reiciendis consequuntur esse iste ea id nostrum. Itaque optio ea et. Corrupti eligendi qui dolor temporibus esse qui nobis. Et a deserunt dicta quaerat in molestiae. Voluptatem eius accusantium sed qui voluptas mollitia perspiciatis.', '2017-02-01 12:17:49', 0, 14, 15),
(191, b'0', 'Eum perspiciatis cum sit. Ab qui autem earum totam aperiam reprehenderit. Ducimus non dolorem fugiat impedit quasi ut omnis. Tempore fugit velit dolor ut sequi voluptatum. Est eius sequi cum officia. Fuga omnis atque ratione debitis illo ut fuga. Iste sed numquam occaecati nisi aliquam eos asperiores quis. Exercitationem temporibus culpa nisi molestias nihil id dicta. Autem necessitatibus minus fugiat quibusdam sit ducimus molestiae. Saepe repellat occaecati at rem modi aut hic occaecati. Enim ipsa rem quaerat soluta quo odio deserunt. Temporibus maiores magni a rerum eligendi molestiae fuga. Culpa temporibus sed sit et dolore corporis.', '2017-02-01 12:17:49', 10, 16, 6),
(192, b'0', 'Tempora esse consectetur sit est expedita ad. Eius quae placeat delectus voluptas ut animi neque. Qui aspernatur quia labore. Culpa vero consequuntur praesentium. Aut dolores non numquam voluptatibus ducimus ab. Amet unde velit inventore saepe autem pariatur. Optio quidem quam ad ea voluptatibus qui. Rem dolore perspiciatis possimus natus dicta voluptatem. Aut animi qui est eum est itaque. Sed qui rem maiores omnis blanditiis. Excepturi voluptas omnis ipsa vel est asperiores voluptas qui. Qui facere nisi error laborum accusamus aliquam.', '2017-02-01 12:17:49', 6, 22, 49),
(193, b'0', 'Cum impedit modi molestias. Adipisci cum tempora voluptatem et culpa quia. Occaecati tempora rerum animi sed laudantium. Sint deleniti molestiae sit culpa eum. Accusamus vel reiciendis sint animi. Et voluptates in alias architecto molestias ut quo. Commodi aut amet earum sit. Delectus consectetur recusandae hic voluptas. Rerum et quia doloremque. Voluptas earum possimus nesciunt enim natus in eaque.', '2017-02-01 12:17:49', 1, 11, 24),
(194, b'0', 'Perspiciatis tempore officiis et omnis qui. Eos expedita ad architecto in aspernatur eligendi. Quia qui qui est et exercitationem. Sit nulla consequuntur placeat et porro beatae. Consequatur aliquid fugiat odio corrupti. Sed dolor quis qui reiciendis nostrum fugiat quis. Quia eum dolorem et et autem dolorem reprehenderit consequatur. Voluptas quae voluptatem ratione nihil unde temporibus ea. Cumque dolorem similique doloribus sit qui illum assumenda. Magnam in cupiditate ut dolorum soluta minus.', '2017-02-01 12:17:49', 5, 30, 43),
(195, b'0', 'Quas id omnis laborum. Rerum quis et eum architecto. Et illum illo reiciendis. Fugit ullam dolores minus perferendis harum nihil accusamus. Esse rerum occaecati quis blanditiis enim aperiam. Aut quasi veniam ex provident dolore. Voluptas nobis et sed in et quia explicabo omnis. Quisquam modi et perferendis doloribus eius non quia. Culpa ea voluptatem culpa quae non dolorum. Deleniti dolorem necessitatibus beatae ipsam commodi voluptas perferendis. Alias ut aperiam ipsa corrupti. Corporis ea unde est placeat. Optio omnis minima assumenda et.', '2017-02-01 12:17:49', 4, 3, 36),
(196, b'0', 'Est iusto inventore est aut consequatur quam sit. Debitis non modi quisquam totam voluptatem rem. Nam fugit sint aliquid ut corporis. Vero ex rem et laborum ipsa consectetur voluptas officiis. Delectus dolorem et rerum aut porro. Possimus sequi id ea quia consequatur. Ut exercitationem et recusandae ex ut aut.', '2017-02-01 12:17:49', 7, 19, 36),
(197, b'0', 'Iusto non qui voluptas eum adipisci ab. Accusamus ipsam voluptas minus et dolorem cumque sit est. Aut reiciendis omnis ut qui. Provident architecto tempore et laborum sed. Aliquid excepturi quia magni non magni incidunt atque mollitia. Exercitationem consequatur voluptatum rerum qui et. Quis esse consequatur ratione eum consequatur itaque totam. Eaque eveniet vero laudantium quia aut praesentium qui. Eligendi hic voluptate doloremque ut eligendi temporibus. Sint nobis reiciendis error qui ducimus. Molestiae voluptates sint explicabo aliquid perferendis. Quos nihil et necessitatibus non dolorem voluptate quis. Pariatur ullam quo dolores in sunt. Eius quis ut odio ea.', '2017-02-01 12:17:49', 3, 28, 22),
(198, b'0', 'Eaque reiciendis reiciendis qui temporibus voluptatem. Unde at et fugit hic et consequuntur. Et rem distinctio nam atque. Veritatis ex officia et possimus est. Suscipit praesentium sit eum quis. Quo velit cupiditate non culpa ut laboriosam temporibus. Ipsam a aperiam aut dicta assumenda nihil. Praesentium dolorum ut et et necessitatibus. Est provident et dolore sequi asperiores. Et quod voluptates qui magnam possimus alias. Reprehenderit ut illum omnis a quo dolorum numquam cum.', '2017-02-01 12:17:49', 0, 9, 3),
(199, b'0', 'Possimus adipisci aperiam suscipit quo repudiandae. Maiores debitis quam temporibus sit reiciendis. Voluptatem iure quas nihil aut repellat nam. Voluptas quia quaerat non ut ea. Vel animi optio sit et. Iure dolore ut similique repellat deserunt. Fugiat rerum laborum aut voluptatem aliquam laboriosam. Cupiditate qui labore eaque velit. Aut qui debitis provident non eius labore. Sit labore neque minus occaecati repellendus voluptas.', '2017-02-01 12:17:49', 1, 26, 15),
(200, b'0', 'Architecto occaecati sed pariatur nam. Magni quae earum fuga at aut quis aperiam. Perferendis excepturi consequatur cum consequuntur perspiciatis cum dolore. Dolorem voluptas dolore aut in. Quam et repudiandae quos. Et quibusdam reiciendis neque qui iure. Consectetur deserunt rerum pariatur eligendi officia earum. Officiis quia a qui eum error consequatur placeat facilis. Ad tempore veritatis consequuntur et quia unde recusandae. Deserunt ut earum corporis maiores consequatur et vel quaerat. Et sit nisi non. Quibusdam qui deserunt perferendis. Quo a odio ea optio sit suscipit. Quidem voluptatibus excepturi quia temporibus quis doloremque.', '2017-02-01 12:17:49', 1, 21, 14);

-- --------------------------------------------------------

--
-- Table structure for table `category`
--

CREATE TABLE `category` (
  `id` int(11) NOT NULL,
  `name` varchar(255) NOT NULL,
  `slug` varchar(255) NOT NULL
) ENGINE=InnoDB DEFAULT CHARSET=utf8;

--
-- Dumping data for table `category`
--

INSERT INTO `category` (`id`, `name`, `slug`) VALUES
(1, 'Programming', 'programming'),
(2, 'Dev Chat', 'dev-chat'),
(3, 'Hacking News', 'hacking-news'),
(4, 'Job', 'job'),
(5, 'Fun', 'fun'),
(6, 'English', 'english');

-- --------------------------------------------------------

--
-- Table structure for table `question`
--

CREATE TABLE `question` (
  `id` int(11) NOT NULL,
  `content` text NOT NULL,
  `created_at` datetime NOT NULL,
  `slug` varchar(255) NOT NULL,
  `title` varchar(255) NOT NULL,
  `updated_at` datetime NOT NULL,
  `views` smallint(5) UNSIGNED NOT NULL DEFAULT '0',
  `category_id` int(11) UNSIGNED NOT NULL,
  `user_id` int(11) UNSIGNED NOT NULL
) ENGINE=InnoDB DEFAULT CHARSET=utf8;

--
-- Dumping data for table `question`
--

INSERT INTO `question` (`id`, `content`, `created_at`, `slug`, `title`, `updated_at`, `views`, `category_id`, `user_id`) VALUES
(1, 'Ut magni aspernatur repudiandae rem tempore distinctio. Asperiores tenetur ut et quibusdam dolor. Harum aliquid sint amet atque eveniet. Necessitatibus dolores minus omnis. Et sed tempora velit excepturi id blanditiis vero. Cum vel eos magni et non corrupti ducimus. Sit nesciunt et rerum repellendus eum alias facilis. Dolor culpa et molestiae eveniet atque tenetur. Sit aut minus sunt et. Est quo possimus architecto ipsam magni. Consequuntur inventore molestiae est laboriosam. Molestiae veritatis amet repudiandae. Est blanditiis voluptatem est error.', '2017-02-01 12:17:38', 'deleniti-mollitia-libero-iste-autem-adipisci-porro-aut-aut-quia-aut-voluptas-cupiditate', 'Deleniti mollitia libero iste autem adipisci porro aut aut quia aut voluptas cupiditate.', '2017-02-01 12:17:38', 910, 2, 28),
(2, 'Dolores fuga modi minima culpa alias dolor. Consequatur occaecati totam incidunt vitae sapiente. Molestiae ab rerum est voluptate doloribus molestiae. Ullam impedit voluptas est quis. Saepe voluptas quasi et. Fugit nostrum omnis beatae hic ut. Eum est officiis error qui et.', '2017-02-01 12:17:38', 'omnis-deserunt-velit-ullam-totam-ad-omnis-asperiores-at-impedit-sed', 'Omnis deserunt velit ullam totam ad omnis asperiores at impedit sed.', '2017-02-01 12:17:38', 758, 6, 29),
(3, 'Ut consequuntur omnis et quia ab aspernatur. Nulla quia delectus molestias nisi. Sapiente odio quia quae sed et non. Ea dolores doloribus doloremque aut aut sint voluptate. Veniam doloremque dicta quo enim quia cum. Accusamus sunt sed qui. Doloremque labore modi dolorem. Quos quia rerum dolorum nesciunt repellat. Dolore dolore dolores sunt aut expedita quos. Ratione perspiciatis ut voluptatem commodi ipsum quia quia voluptatem. Explicabo autem id doloremque et voluptatibus quasi quisquam. Repudiandae saepe quod delectus voluptas quo.', '2017-02-01 12:17:38', 'itaque-non-eius-provident-est-repellendus-repellendus-reiciendis-voluptas-earum-explicabo-officia', 'Itaque non eius provident est repellendus repellendus reiciendis voluptas earum explicabo officia.', '2017-02-01 12:17:38', 477, 4, 31),
(4, 'Dolore sint velit animi sunt sint optio repellat dolores. Aut qui saepe maxime temporibus voluptatem dicta. Impedit quia et sit incidunt ut voluptates et. Nisi commodi consequatur facere qui perspiciatis. Quod cupiditate ea ratione vero voluptatibus et. Et ea totam facere ullam quibusdam. Est minus nobis harum est. Qui laborum vel harum nemo mollitia ex non quidem. Et voluptatibus laboriosam dolorem excepturi facilis. Porro quia voluptatem quae occaecati ut laudantium et et. Qui quos aperiam cumque ad dolores perferendis. Enim accusantium id dolorem exercitationem.', '2017-02-01 12:17:38', 'ratione-vero-cupiditate-aut-tenetur-aspernatur-quibusdam-aut-ut-fugit-cupiditate-rerum-omnis-illum', 'Ratione vero cupiditate aut tenetur aspernatur quibusdam aut ut fugit cupiditate rerum omnis illum.', '2017-02-01 12:17:38', 762, 5, 19),
(5, 'Ratione sint pariatur consequuntur possimus qui amet eos. Quia sed eum quia quia numquam animi. Consequatur atque voluptas aut quisquam sint temporibus adipisci natus. Labore id velit corporis natus ad. Neque aut molestiae laborum voluptatem adipisci veniam magnam. Quaerat quas id commodi omnis amet. Vitae facilis accusamus quis doloremque iusto rerum consequatur. Facilis aspernatur facilis atque dolor inventore et quia.', '2017-02-01 12:17:38', 'qui-officia-similique-quisquam-velit-aut-sit-hic-error-tempore-nostrum-esse-eum', 'Qui officia similique quisquam velit aut sit hic error tempore nostrum esse eum.', '2017-02-01 12:17:38', 730, 3, 6),
(6, 'Itaque consequatur reiciendis ullam pariatur itaque mollitia facilis ut. Autem inventore aut animi aperiam pariatur consequatur. Nostrum et aut voluptas recusandae omnis quam. Atque officia rerum illum aliquid. Sint et itaque occaecati optio praesentium fugit dolore. Modi cum eos voluptatem provident. Odit molestiae ipsum quasi officiis odio autem. Consectetur quas laborum quia illum praesentium eaque.', '2017-02-01 12:17:38', 'maxime-et-consequatur-quia-non-ut-aut-assumenda', 'Maxime et consequatur quia non ut aut assumenda.', '2017-02-01 12:17:38', 178, 5, 51),
(7, 'Nisi beatae assumenda esse ab. Et harum sed aperiam omnis corrupti id error voluptatum. Dolores quas nihil officia. Officiis consequatur rerum distinctio eligendi voluptas eum nihil. Doloribus aut expedita dolores ex. Debitis et sequi odio in qui esse accusantium odit. Esse quia eaque porro qui cumque repudiandae ut.', '2017-02-01 12:17:38', 'expedita-sunt-quisquam-omnis-veritatis-et-assumenda-voluptate-fuga-corrupti-hic-maiores-dicta', 'Expedita sunt quisquam omnis veritatis et assumenda voluptate fuga corrupti hic maiores dicta.', '2017-02-01 12:17:38', 491, 2, 10),
(8, 'Animi non soluta dignissimos asperiores. Veritatis vero eos est sed aut. Est ex enim reiciendis nesciunt. Dolor laborum odio aspernatur et ad placeat. Sunt molestiae cupiditate architecto quaerat et eligendi ea dolor. Eum voluptatibus quisquam accusamus exercitationem necessitatibus nam. Maiores nobis architecto dolor. Molestias quis omnis sed dolores voluptate odio.', '2017-02-01 12:17:38', 'et-ut-delectus-accusamus-soluta-aliquid-deserunt-eum-aliquam-deleniti', 'Et ut delectus accusamus soluta aliquid deserunt eum aliquam deleniti.', '2017-02-01 12:17:38', 122, 3, 28),
(9, 'Voluptatum itaque ut hic et occaecati. Quia aut reprehenderit amet numquam. Vel quibusdam est voluptas delectus optio veritatis. Enim doloremque dolores eum laboriosam ut qui. Qui non accusamus voluptate sequi fuga architecto. Sequi et et beatae et. Et sed sed architecto voluptatibus facilis aliquam et. Aut ea iste voluptates consequatur. Voluptatibus temporibus tempora sit sed. Placeat assumenda dolor repellat consequuntur. Sit et exercitationem iusto sit. Laborum molestiae molestiae voluptatem ex commodi. Inventore qui vel blanditiis labore.', '2017-02-01 12:17:38', 'ut-quis-autem-molestiae-nemo-sed-voluptatibus-dolorem-perspiciatis-temporibus-animi', 'Ut quis autem molestiae nemo sed voluptatibus dolorem perspiciatis temporibus animi.', '2017-02-01 12:17:38', 378, 2, 9),
(10, 'Quia adipisci nulla sit. Quo eius autem quis deleniti ut. Quia dolorum laudantium error voluptatem. Reprehenderit ipsa hic eum ex. Consequatur sunt repudiandae maiores voluptas. Ipsum voluptas ut iure. Architecto cumque est ad voluptatem officia itaque pariatur. Quidem aut doloremque libero facere. Quam sed sint omnis aut assumenda earum tempora. Incidunt corporis doloremque odit qui. Qui amet non et aut nulla. Neque a suscipit nisi sunt.', '2017-02-01 12:17:38', 'accusantium-nihil-cumque-ipsa-eius-officia-inventore-recusandae-corrupti-cupiditate-excepturi-adipisci-nemo-qui', 'Accusantium nihil cumque ipsa eius officia inventore recusandae corrupti cupiditate excepturi adipisci nemo qui.', '2017-02-01 12:17:38', 779, 1, 27),
(11, 'Esse vero repellat quas est laborum optio expedita. Praesentium vitae alias vitae quidem. Ipsam minus voluptatum a accusantium fugit. Qui sed occaecati odit voluptas facilis aspernatur. Labore nam sed nisi quis et. Omnis provident delectus voluptate ut et nihil. Quidem temporibus quia ipsa. Natus nostrum odit consequatur at eaque. Omnis et laborum unde dolores blanditiis. Voluptatem magni et nulla similique voluptates est. Expedita doloremque nobis reiciendis placeat maxime iste deleniti illum.', '2017-02-01 12:17:38', 'officiis-laboriosam-blanditiis-culpa-et-dolore-voluptate-ut-est-illum', 'Officiis laboriosam blanditiis culpa et dolore voluptate ut est illum.', '2017-02-01 12:17:38', 245, 1, 39),
(12, 'Et officiis dolores natus ab sed. Commodi rerum ab sunt expedita. Repellat consequatur nam cum. Quos vitae iusto quis ab. Eius cupiditate nihil voluptas ex ipsum. Sequi voluptatem maiores odit pariatur corrupti. Laudantium ullam laudantium rerum illum ut.', '2017-02-01 12:17:38', 'fuga-esse-sit-quis-ea-recusandae-at-omnis', 'Fuga esse sit quis ea recusandae at omnis.', '2017-02-01 12:17:38', 320, 2, 5),
(13, 'Quis est minima ipsa reiciendis dignissimos ab sed. Libero soluta enim et iste impedit nesciunt dolorem sed. Quos nam ad sunt voluptatibus saepe quaerat. Quae voluptatem aspernatur in. Non aliquid magnam rem ipsa aliquam. Ut asperiores eaque et quod placeat. Aut distinctio consectetur architecto.', '2017-02-01 12:17:38', 'minima-temporibus-cupiditate-quisquam-odit-molestiae-odit-sint-qui-molestiae-temporibus-vitae-quae-expedita-reiciendis', 'Minima temporibus cupiditate quisquam odit molestiae odit sint qui molestiae temporibus vitae quae expedita reiciendis.', '2017-02-01 12:17:38', 725, 1, 36),
(14, 'Mollitia vitae aut ea fugit. Harum tenetur qui ad in eveniet quos ex tempore. Culpa qui incidunt suscipit aut est et nostrum et. Maxime eos nihil esse est. Quas autem modi libero quisquam eaque cum ut dignissimos. Quo delectus est eos sunt. Et ab quod sit officia rerum. In quo hic nulla assumenda. Laboriosam accusamus sunt ex illum. Magnam quia qui voluptas quae veniam odit repudiandae. Atque est impedit facere id omnis. Nobis eos officiis rerum ut.', '2017-02-01 12:17:38', 'sunt-totam-maxime-error-quam-autem-qui-excepturi-nihil', 'Sunt totam maxime error quam autem qui excepturi nihil.', '2017-02-01 12:17:38', 195, 4, 35),
(15, 'Necessitatibus maiores est eos modi impedit delectus in. Impedit rerum pariatur a totam tempora. Et neque illum dolor mollitia atque qui tenetur. Ut voluptatibus excepturi quam et. Ut ratione aut temporibus quod architecto autem ut. Quia ut perspiciatis eaque doloribus rerum. Accusamus ullam sit repellat harum corrupti itaque. Eaque fugit officiis omnis quia accusamus. Sapiente officiis similique voluptatem sed dicta qui consequatur. Enim qui consequatur eligendi quia et perspiciatis veritatis.', '2017-02-01 12:17:38', 'quibusdam-voluptatem-quis-id-nihil-voluptatem-iusto-nesciunt', 'Quibusdam voluptatem quis id nihil voluptatem iusto nesciunt.', '2017-02-01 12:17:38', 945, 4, 19),
(16, 'Aut consectetur ut asperiores et nihil. Quis aut nobis libero eveniet qui atque. Eum et aperiam quod a minima veritatis qui. Quam similique facere unde earum. Placeat non numquam consequatur molestiae. Quae voluptatibus consectetur ipsam illo. Odio dolore eos est. Autem voluptatem assumenda soluta iure. Veritatis aut sed vero minus quia officia dicta sed. Quae velit amet et sed voluptate.', '2017-02-01 12:17:38', 'deleniti-porro-sint-quisquam-at-minima-aut', 'Deleniti porro sint quisquam at minima aut.', '2017-02-01 12:17:38', 783, 1, 23),
(17, 'Velit doloremque corporis maiores illum qui. Eligendi quo amet atque nulla sed. Commodi sit reprehenderit ut ut. Rerum rem a maxime omnis non quaerat. Sequi facilis sunt natus ab. Nemo earum commodi aliquid autem. Et in corrupti sit quasi. Reiciendis mollitia et quis iusto. Nihil ipsum sunt reiciendis veritatis. Quam ratione molestiae reiciendis vero ut. Explicabo quos nobis ipsam veniam. Aut est expedita ad molestias veritatis ut ex illo. Voluptatum eius et nobis eveniet placeat voluptates voluptatibus.', '2017-02-01 12:17:39', 'non-officia-temporibus-nulla-illo-qui-iste-iste-corporis-tempore', 'Non officia temporibus nulla illo qui iste iste corporis tempore.', '2017-02-01 12:17:39', 182, 4, 28),
(18, 'Eos quos voluptas et et vero voluptas. Cupiditate quo facilis qui adipisci. Dignissimos omnis illo et voluptas dolores. Quia distinctio perferendis aut aperiam. Ut quasi et qui adipisci aperiam quia ut. Et commodi omnis qui aut voluptatum. Voluptatem sunt perferendis est dicta cupiditate. Sequi temporibus ut autem nostrum exercitationem. Soluta dolorum autem dolorum aperiam. Quia rerum ducimus qui est.', '2017-02-01 12:17:39', 'expedita-quo-possimus-omnis-sit-nostrum-maxime-est-aperiam-blanditiis', 'Expedita quo possimus omnis sit nostrum maxime est aperiam blanditiis.', '2017-02-01 12:17:39', 78, 6, 34),
(19, 'Quaerat voluptates dolores asperiores velit nisi in natus. Quisquam ipsum aut amet deserunt. Et veritatis rerum cupiditate libero accusamus consequatur. Sit est occaecati accusamus. Quidem quod quos aut delectus facere ut quaerat. Ea excepturi qui natus dolorem. Magni asperiores inventore est omnis suscipit cupiditate. Impedit mollitia blanditiis iusto adipisci suscipit fugit quo veritatis. Fuga cupiditate soluta laboriosam corporis. Corporis beatae nihil pariatur omnis.', '2017-02-01 12:17:39', 'architecto-doloremque-aperiam-in-vitae-sed-et-similique-aspernatur-reprehenderit', 'Architecto doloremque aperiam in vitae sed et similique aspernatur reprehenderit.', '2017-02-01 12:17:39', 578, 4, 43),
(20, 'Rerum a velit error numquam qui iste. Qui dolor voluptas voluptatem harum. Et et sunt est eligendi corrupti. Quo autem quia veritatis voluptatum sed vero quas sit. Laborum tempore suscipit ex aut. Et ipsam ullam vel at dolor quis. Veritatis soluta eum hic iure enim totam. Occaecati magnam voluptas laborum totam. Impedit dolorum officia mollitia architecto nostrum quasi fugit. Deleniti autem beatae laborum esse. Ea sit in praesentium voluptatem vel. Dolorem hic esse est iure et quae.', '2017-02-01 12:17:39', 'placeat-numquam-recusandae-asperiores-aut-ut-et', 'Placeat numquam recusandae asperiores aut ut et.', '2017-02-01 12:17:39', 673, 1, 18),
(21, 'Quia ipsa quibusdam dolor fugit error explicabo eos repudiandae. Sint labore modi aliquid labore. In atque voluptas dolorem aperiam natus. Beatae soluta amet inventore voluptate libero. Veniam repellat optio ea nam debitis neque. Error est dolores ea distinctio. Illo iure totam eaque deleniti sit.', '2017-02-01 12:17:39', 'dolorem-maxime-laborum-aut-nihil-inventore-ipsam-autem-nisi-aspernatur-incidunt-est-dicta-nulla', 'Dolorem maxime laborum aut nihil inventore ipsam autem nisi aspernatur incidunt est dicta nulla.', '2017-02-01 12:17:39', 37, 2, 35),
(22, 'Quidem iure aut suscipit libero ut. Animi et fuga enim facere qui qui et. Adipisci et ullam debitis quia voluptatibus quis dolores minus. Tenetur consequatur repellat quam sit in perspiciatis facilis. Vitae quae sapiente suscipit suscipit cupiditate velit. Recusandae sint neque cum non. Quis error qui assumenda et. Est autem et cupiditate molestias voluptatum. Veniam eos et optio voluptatem. Dolor dolorum deserunt vel perferendis. Rerum enim dolor qui ipsam. Eaque incidunt dicta odio repellendus quaerat. Est dignissimos iure optio iusto veniam sint error. Vel placeat est dolorem aut molestiae velit molestias hic.', '2017-02-01 12:17:39', 'repellat-fugit-omnis-illo-aliquid-eligendi-rerum-voluptatem-dolorum-dolor-accusantium', 'Repellat fugit omnis illo aliquid eligendi rerum voluptatem dolorum dolor accusantium.', '2017-02-01 12:17:39', 766, 5, 1),
(23, 'Ducimus nostrum eos est et. Odio laborum natus doloribus aut quis voluptas. Quas accusamus nam et esse dolor. Adipisci ea eaque nostrum voluptatem libero dolores quis. Ipsum unde dolor debitis sit incidunt placeat. Quisquam expedita consectetur odio quis omnis. Facilis aut distinctio fugiat tenetur consequatur et culpa facilis. Quis quia at eos. Voluptatem minus ratione suscipit qui sit.', '2017-02-01 12:17:39', 'repudiandae-repellendus-est-repudiandae-ex-sunt-porro-eum-molestiae-harum-quae-et-ut', 'Repudiandae repellendus est repudiandae ex sunt porro eum molestiae harum quae et ut.', '2017-02-01 12:17:39', 424, 4, 21),
(24, 'Et et error cupiditate. Ut quo perferendis quas dignissimos sed. Et quam aperiam sint. Et quia corrupti nesciunt voluptatem voluptate. Eum praesentium dicta et voluptate reprehenderit ipsum sit. Nam quis voluptatum velit aut. Eos et magni sunt iusto sed ad. Ad expedita laborum molestias qui perspiciatis eaque assumenda. Et est debitis odio aliquid.', '2017-02-01 12:17:39', 'soluta-nesciunt-vel-omnis-corrupti-enim-vel-qui-a', 'Soluta nesciunt vel omnis corrupti enim vel qui a.', '2017-02-01 12:17:39', 73, 4, 13),
(25, 'Sunt debitis eius saepe mollitia voluptatum nihil. Voluptatem blanditiis rem maxime itaque dolorem non tempora. Qui distinctio expedita aut nulla debitis eius harum. Quae neque et non nisi error quam quo. Corporis facilis non dolores voluptas. Minima corporis est ipsam iste expedita. Illum eligendi ut minima iusto ut enim ut. Sint accusantium consequatur blanditiis. Et quo consequatur et libero reiciendis fugit. Dolores ut sunt at autem voluptate reiciendis.', '2017-02-01 12:17:39', 'aut-nostrum-est-modi-quia-fugiat-dolores-consectetur-quia-et-fuga', 'Aut nostrum est modi quia fugiat dolores consectetur quia et fuga.', '2017-02-01 12:17:39', 769, 2, 4),
(26, 'Corporis et quia perferendis voluptas. Repellat est asperiores qui non. Iusto sequi quis labore atque ut ut iure. Omnis rerum sequi voluptas voluptas asperiores amet explicabo. Eum natus veritatis dolore distinctio id labore architecto nulla. Quisquam rerum facere beatae et. Velit inventore et esse dolorem et. Ex aut animi rerum reprehenderit rerum id. Sunt quisquam cupiditate vero occaecati. Qui consequatur doloremque ut rem qui aut. Fugiat earum error et sit necessitatibus laborum ipsum. Non consectetur tenetur doloremque necessitatibus perspiciatis ut.', '2017-02-01 12:17:39', 'et-in-quae-molestiae-a-modi-reiciendis-ex-ducimus', 'Et in quae molestiae a modi reiciendis ex ducimus.', '2017-02-01 12:17:39', 796, 6, 11),
(27, 'Voluptas maiores repudiandae ut dolorum laborum. Cumque excepturi officia eaque quae minus voluptatem quae. Deleniti nisi numquam sunt non nostrum officia doloribus. Deserunt sequi veniam repudiandae. Est pariatur consequatur commodi animi itaque voluptatum. Asperiores doloribus non modi nihil dolores. Ab itaque ab ut quas doloribus. Velit laborum corrupti aut temporibus. Magnam consectetur aut officia assumenda. Aperiam soluta nihil et fugiat quia qui reprehenderit et. Est animi non aut et quo fugiat nam placeat.', '2017-02-01 12:17:39', 'voluptas-suscipit-rerum-suscipit-incidunt-quam-ipsum-sed-totam-quae-qui-minus-consectetur', 'Voluptas suscipit rerum suscipit incidunt quam ipsum sed totam quae qui minus consectetur.', '2017-02-01 12:17:39', 979, 1, 16),
(28, 'Eveniet corrupti blanditiis nihil blanditiis voluptatibus et exercitationem. Sint repellendus aut commodi rerum aliquam. Delectus aut quod id. Ducimus corrupti ab et est nulla delectus voluptatibus. Eligendi dolorem omnis tempore et fugiat adipisci. Ut unde atque nemo est odit. Quam maiores facilis ut officiis optio perspiciatis sint. Placeat est itaque excepturi dolor neque quia. Quis voluptas vel velit et. Est ut aspernatur voluptatem ut quidem. Quis similique sed corrupti omnis eius. Consequatur asperiores sed hic qui ex explicabo hic.', '2017-02-01 12:17:39', 'aliquid-quia-architecto-qui-aperiam-sed-itaque-est-eos-quibusdam-ratione', 'Aliquid quia architecto qui aperiam sed itaque est eos quibusdam ratione.', '2017-02-01 12:17:39', 213, 6, 33),
(29, 'Ipsa voluptatum veritatis sit. Nobis dolor et et consequuntur. Enim error aspernatur incidunt cum. Aut debitis explicabo laborum ratione dolorem. Voluptatem adipisci necessitatibus optio rerum autem nam. Aliquam blanditiis expedita accusantium corrupti. Laudantium reprehenderit in et sunt ipsum omnis fugiat nam. Voluptates qui occaecati animi quasi odio. Labore repudiandae laboriosam rerum quia quae incidunt earum. Illo vel modi cupiditate aut velit reprehenderit porro.', '2017-02-01 12:17:39', 'iusto-id-earum-molestiae-debitis-totam-magni-quis', 'Iusto id earum molestiae debitis totam magni quis.', '2017-02-01 12:17:39', 279, 2, 21),
(30, 'Cumque at et eos aut odio. Enim officiis rem natus possimus non ut. Qui voluptates quia officiis molestias qui quo rerum. Commodi et numquam beatae aperiam quia hic autem. Quos molestiae eius molestiae hic optio. Maiores est asperiores aut commodi quia sunt. Totam quae ipsam a fugiat nemo. Distinctio dicta ipsa omnis ipsa eum. Autem numquam nihil quasi aut sapiente inventore.', '2017-02-01 12:17:39', 'voluptatem-architecto-et-temporibus-veniam-ea-rerum-animi-voluptates', 'Voluptatem architecto et temporibus veniam ea rerum animi voluptates.', '2017-02-01 12:17:39', 524, 3, 51),
(31, 'Rerum velit aut sapiente illum. Dignissimos possimus sed et temporibus praesentium numquam. Cum maxime et tenetur. Dolorem accusamus dolores voluptas qui incidunt laboriosam cumque. Fuga et iure velit dolor ad a sed. Ullam vero ullam quam. Sit ab amet aut cumque nihil. Qui distinctio eum enim cumque rem. Eum et asperiores suscipit.', '2017-02-01 12:17:39', 'dignissimos-officia-voluptas-dolores-dolores-corporis-laudantium-perferendis-praesentium-nihil-ut-iure-aperiam', 'Dignissimos officia voluptas dolores dolores corporis laudantium perferendis praesentium nihil ut iure aperiam.', '2017-02-01 12:17:39', 87, 3, 38),
(32, 'Rerum quas quas rem. Soluta numquam aut quos dolor molestiae harum. Saepe repellat delectus et dolores. Ipsa rerum sapiente sed neque dolore. Necessitatibus tempore dicta et. Et et beatae voluptatem. Velit ut dolor aspernatur. Non enim cum aut accusantium nobis consequatur assumenda. Quod dicta quo deserunt. Voluptas non debitis qui sint. Debitis aut dolorem nisi impedit.', '2017-02-01 12:17:39', 'sapiente-et-repudiandae-occaecati-consequuntur-quis-velit', 'Sapiente et repudiandae occaecati consequuntur quis velit.', '2017-02-01 12:17:39', 51, 5, 32),
(33, 'Dolores placeat et molestiae velit. Fuga dolores velit vitae dolorem dolorem. Et non voluptatibus nihil totam unde. Magnam quia quia inventore dolores beatae optio consectetur. Eligendi non autem nisi consectetur. Magnam fugiat ipsum rerum odit repudiandae quis. Qui labore excepturi tenetur eligendi ut in quidem. Facilis a aut dolor esse omnis odio repellendus. Aut mollitia asperiores molestias deleniti. Voluptatibus eos enim pariatur dolor nihil odit. Porro perspiciatis minima et aliquam ex fuga eos ratione.', '2017-02-01 12:17:39', 'dolore-voluptate-amet-consequatur-accusamus-quibusdam-blanditiis-veritatis-omnis-mollitia-quibusdam-enim', 'Dolore voluptate amet consequatur accusamus quibusdam blanditiis veritatis omnis mollitia quibusdam enim.', '2017-02-01 12:17:39', 310, 5, 38),
(34, 'Aut fugit ratione autem accusamus sit enim fugit. Non recusandae neque sunt voluptatem. Dolores suscipit atque omnis ullam fugit neque. Perspiciatis rerum consequatur et. Delectus asperiores laboriosam nesciunt. Iusto cupiditate dolorem dolores omnis minima dolores. Consequatur est facilis expedita et rerum et qui optio. Ab cum commodi iste id iure consectetur sunt. Est rerum animi voluptatem necessitatibus est sunt.', '2017-02-01 12:17:39', 'amet-quo-maxime-vitae-aut-molestiae-numquam-et-numquam-impedit', 'Amet quo maxime vitae aut molestiae numquam et numquam impedit.', '2017-02-01 12:17:39', 861, 3, 47),
(35, 'Quos sed dolore fugit est omnis. Aut ipsa quisquam unde debitis et aut. Doloremque adipisci quod impedit facilis ipsa suscipit. Nihil aut voluptatem ut. At vel ut qui voluptates cumque ut soluta. Saepe saepe beatae voluptatem et voluptas velit eaque. Doloremque ab id velit voluptate nihil est. Sequi dolor error odio assumenda distinctio. Voluptatem iure distinctio quis est recusandae tenetur a. Facilis veniam culpa fuga ab et rerum.', '2017-02-01 12:17:39', 'dignissimos-veniam-repellat-recusandae-quod-saepe-cumque-cum-odio', 'Dignissimos veniam repellat recusandae quod saepe cumque cum odio.', '2017-02-01 12:17:39', 32, 1, 23),
(36, 'Eveniet aut occaecati tempora quo doloribus voluptas. Iure quasi quae voluptates dolor est. Qui ut enim iste aperiam reprehenderit et incidunt maxime. Amet beatae at qui fugit vel voluptatem in. Autem eum facere temporibus. Facilis error qui autem. Explicabo dignissimos soluta consequuntur eveniet. Fugiat iste error veritatis non. Rerum modi labore repellendus perferendis. Quia ut voluptatem voluptatem. Officia voluptatem quam amet et eveniet nihil eum. Tempore voluptas consectetur soluta quis sit quisquam molestiae.', '2017-02-01 12:17:39', 'ut-consequatur-similique-quas-vel-expedita-non-rerum-totam-sint-porro-in-dolorem', 'Ut consequatur similique quas vel expedita non rerum totam sint porro in dolorem.', '2017-02-01 12:17:39', 520, 2, 39),
(37, 'Et et est aut distinctio modi. Id qui similique tempore in. Iure sit sit delectus optio. Molestiae molestiae assumenda iusto consequatur. Rerum ut quos cumque aperiam suscipit nihil ut. Quae voluptatem temporibus atque beatae recusandae optio recusandae. Iste quo dicta ea eligendi.', '2017-02-01 12:17:39', 'ut-pariatur-sit-quaerat-veritatis-ullam-aliquid-molestias-natus-ab-magni-repellendus', 'Ut pariatur sit quaerat veritatis ullam aliquid molestias natus ab magni repellendus.', '2017-02-01 12:17:39', 733, 4, 38),
(38, 'Laborum culpa aut ipsam iusto. Quas deleniti nulla illo quisquam quam natus ut. Est voluptatem facere ut omnis. Dolorem omnis dicta quo ipsa nisi. Iure aliquid asperiores tempore nesciunt accusantium ex quas ab. Repellendus optio neque illum dolor consequatur quas. Expedita tempora culpa molestiae. Deleniti labore exercitationem id velit quis. Possimus atque occaecati officiis voluptas natus distinctio cupiditate dicta. Sit illo quibusdam itaque totam sunt iure dolor. Veniam veniam corrupti laudantium qui. Ea dolores molestiae similique aperiam et velit.', '2017-02-01 12:17:39', 'sapiente-qui-optio-earum-accusantium-rerum-beatae-sint', 'Sapiente qui optio earum accusantium rerum beatae sint.', '2017-02-01 12:17:39', 197, 2, 6),
(39, 'Sint sit qui ratione nobis similique quia quas. Sapiente eligendi voluptates minima quo ut. Hic quasi voluptatum et eaque illum quae. Provident ipsam labore commodi voluptas. Pariatur sunt non quos excepturi repellat nisi. Velit quia soluta aut consectetur. Eaque nam omnis a qui nihil laboriosam cupiditate dignissimos. Voluptatibus hic soluta eum eum repellat. Nostrum voluptate odio quis. Officia ipsam error in quibusdam ut odit. Rerum eligendi qui nihil tempora id. Est doloribus aliquam assumenda sint sequi deserunt modi. In explicabo harum dolor in adipisci voluptatem ut.', '2017-02-01 12:17:39', 'aut-mollitia-minus-aut-repellat-at-quo-eaque-maxime-consequatur-ut-esse-perferendis-cupiditate', 'Aut mollitia minus aut repellat at quo eaque maxime consequatur ut esse perferendis cupiditate.', '2017-02-01 12:17:39', 329, 1, 24),
(40, 'Ut harum quia rerum debitis fugiat corporis ad velit. Nam minima suscipit qui harum ut repudiandae laborum aut. Odio inventore aliquid cumque est porro. Consequatur eos mollitia facere eligendi consequatur et aperiam. Sint ex repudiandae rerum doloremque sunt. Rerum quibusdam repellendus nisi et exercitationem ad suscipit velit. Qui incidunt accusantium suscipit illo a veritatis assumenda. Voluptatem maxime alias et nesciunt repellat aut vel. Sed facilis assumenda eum tempora amet. Sunt sed ut consequatur ut. Nihil omnis velit dignissimos quaerat suscipit dolores. Quo qui perspiciatis nesciunt error similique unde animi quibusdam.', '2017-02-01 12:17:40', 'ab-et-quidem-voluptatem-quasi-in-rerum-in', 'Ab et quidem voluptatem quasi in rerum in.', '2017-02-01 12:17:40', 758, 6, 13),
(41, 'Odit est aperiam at. Unde aliquid reprehenderit quibusdam eaque optio eveniet labore tempore. Ut asperiores velit consequuntur ut aperiam et maxime. Dicta praesentium qui dolor voluptas. Error consequatur et et placeat dolorem quidem. Molestiae distinctio et delectus aliquam modi quas architecto. Et quia tenetur voluptatem quod nihil perspiciatis.', '2017-02-01 12:17:40', 'qui-quis-adipisci-voluptatem-odio-fugit-quis', 'Qui quis adipisci voluptatem odio fugit quis.', '2017-02-01 12:17:40', 182, 5, 45),
(42, 'Et et iusto aut alias. In doloremque voluptatem porro quod nihil. Tenetur blanditiis qui atque natus tempore placeat. Id esse illum cum distinctio. Sit tempora vel quam perferendis deleniti accusamus provident. Et perspiciatis nulla non. Possimus quia sed occaecati explicabo maiores. Aliquam voluptatum et officia sunt qui odio dignissimos. Voluptas accusamus tenetur tempora qui. Minus molestias nemo veritatis blanditiis. Consectetur consequatur quia sequi nihil tenetur. Dolore enim possimus est aliquam omnis voluptatibus ut.', '2017-02-01 12:17:40', 'explicabo-fugit-ut-sint-nihil-et-repudiandae-fugiat-optio-sint-odit-labore-provident-officiis', 'Explicabo fugit ut sint nihil et repudiandae fugiat optio sint odit labore provident officiis.', '2017-02-01 12:17:40', 354, 3, 21),
(43, 'Voluptatem nemo illum voluptatem ipsum reiciendis non. Ut similique autem veniam officia minima facere. Nobis distinctio velit laudantium accusamus. Dolores aut ut accusamus magni accusamus ipsam debitis. Assumenda vel totam ullam sed voluptatibus eum hic. Consequatur ipsa veniam et quam commodi quia. Ut quia totam illum qui sint id. Vero recusandae ipsam et optio tempora.', '2017-02-01 12:17:40', 'minima-vero-voluptates-velit-non-cumque-vel-modi-illo-voluptatem', 'Minima vero voluptates velit non cumque vel modi illo voluptatem.', '2017-02-01 12:17:40', 64, 3, 49),
(44, 'Possimus aspernatur ut aut nisi quia quae iusto quo. Nesciunt veniam beatae modi ullam eum voluptate. Quia et officia nihil earum vel. Aut provident non aut blanditiis velit nostrum. Similique sint quia nam dolorem quis. Temporibus accusamus molestiae ipsum repellat ipsum. Error quia quos consequatur labore et aut optio et.', '2017-02-01 12:17:40', 'sint-tempore-facilis-repellendus-a-labore-aut', 'Sint tempore facilis repellendus a labore aut.', '2017-02-01 12:17:40', 659, 3, 4),
(45, 'Dolorum tempore accusantium est et ut libero autem. Id delectus repellendus voluptatem hic dolorem sint officia. Illum velit sunt eos dolorum est nam alias. Eligendi sint optio excepturi sequi dicta accusamus voluptatum. Nihil eaque inventore omnis aut est aliquam minus. Nostrum iure expedita ipsum aperiam. Assumenda aliquam fuga voluptatem et velit sint. Ea dolore atque sit ut esse. At molestias voluptatem inventore sunt. Distinctio odit dignissimos possimus libero. Hic eos doloremque reprehenderit.', '2017-02-01 12:17:40', 'deserunt-sunt-consectetur-veniam-magnam-magni-nemo-autem-omnis', 'Deserunt sunt consectetur veniam magnam magni nemo autem omnis.', '2017-02-01 12:17:40', 15, 6, 1),
(46, 'Molestiae perferendis deserunt voluptate. Omnis illum laudantium rem nostrum officiis cum molestias. Quaerat cupiditate facilis sed doloribus. Et non dolores temporibus perferendis qui nobis mollitia. Enim eligendi ut aliquid aperiam modi. Quo pariatur aut nihil harum ducimus ipsam. Doloribus id voluptas accusamus sit laudantium. Eveniet voluptatum deserunt reiciendis dolorem. Numquam tempora cumque et fugit sunt officia vel nulla. Corporis ut velit aperiam. Nesciunt sunt officiis ab veniam autem odio. Fugiat enim ut eos dolore dolores officiis. Reprehenderit minima voluptas reiciendis at culpa. Et magni explicabo quas illum rerum maxime quidem.', '2017-02-01 12:17:40', 'ut-velit-est-ut-autem-ut-qui-corporis-laboriosam-et-possimus-illo-et-similique', 'Ut velit est ut autem ut qui corporis laboriosam et possimus illo et similique.', '2017-02-01 12:17:40', 299, 3, 39),
(47, 'Quos incidunt est eaque sit et. In consequuntur provident vel ut. Quia omnis aut ad quae cum repellendus sint itaque. Commodi aut quod earum earum atque aliquam. Quibusdam rerum alias voluptatem. Occaecati labore explicabo ut. Qui sint et sequi. Est minima nesciunt soluta sed. Aut sapiente sequi et autem.', '2017-02-01 12:17:40', 'cumque-atque-eos-voluptatem-qui-cum-est-maxime-dolores-illo-nihil-quia-culpa', 'Cumque atque eos voluptatem qui cum est maxime dolores illo nihil quia culpa.', '2017-02-01 12:17:40', 183, 3, 43),
(48, 'Magni aspernatur perferendis omnis numquam culpa praesentium quis. Id dolore optio consectetur. Veritatis minima laudantium eligendi fuga deleniti dolor et. Repellendus voluptatum dolor eos sit eos omnis. Laboriosam repudiandae illum nulla sit repellendus aliquam. Dolor consectetur voluptatem minus nisi voluptatem nostrum consectetur. Molestias sequi cupiditate voluptate omnis ad et et. Qui iusto necessitatibus et praesentium autem officia. Ullam sit aut sed fugit dignissimos. Alias est at officia soluta numquam assumenda dolores quo. Voluptate odit quos laboriosam eos at. Sed incidunt consequatur dolores.', '2017-02-01 12:17:40', 'ratione-illo-laudantium-quia-quibusdam-atque-maxime-cumque-similique', 'Ratione illo laudantium quia quibusdam atque maxime cumque similique.', '2017-02-01 12:17:40', 465, 5, 3),
(49, 'Optio cum et consequatur et inventore. Ut quod ut incidunt rerum. Amet nihil consequatur odit impedit et. Dolor recusandae voluptatem necessitatibus assumenda voluptatem quaerat quia eum. Delectus illo placeat placeat minima labore. Sit consequatur doloribus sit incidunt. Aperiam distinctio necessitatibus ut quidem voluptatem magnam neque. Praesentium repudiandae sequi eveniet. Necessitatibus atque ipsa perspiciatis ratione. Est sed consequuntur possimus.', '2017-02-01 12:17:40', 'et-aspernatur-rem-dolor-sunt-sunt-quae-nesciunt-consectetur', 'Et aspernatur rem dolor sunt sunt quae nesciunt consectetur.', '2017-02-01 12:17:40', 263, 5, 40),
(50, 'Laborum dolores qui occaecati quo porro voluptatem excepturi. Temporibus voluptas doloribus enim numquam aperiam. Aut et id consequatur corporis beatae exercitationem impedit omnis. Culpa expedita ex nam distinctio repellat rem temporibus impedit. Explicabo est quas debitis veritatis. At quia autem voluptatibus illum. Mollitia ducimus consequuntur exercitationem ut qui non.', '2017-02-01 12:17:40', 'velit-unde-non-sunt-delectus-quis-deleniti', 'Velit unde non sunt delectus quis deleniti.', '2017-02-01 12:17:40', 6, 5, 28);

-- --------------------------------------------------------

--
-- Table structure for table `question_tag`
--

CREATE TABLE `question_tag` (
  `tag_id` int(11) UNSIGNED NOT NULL,
  `question_id` int(11) UNSIGNED NOT NULL
) ENGINE=InnoDB DEFAULT CHARSET=utf8;

--
-- Dumping data for table `question_tag`
--

INSERT INTO `question_tag` (`tag_id`, `question_id`) VALUES
(1, 9),
(1, 10),
(1, 21),
(1, 25),
(2, 12),
(2, 13),
(2, 17),
(2, 29),
(2, 31),
(2, 40),
(2, 42),
(3, 34),
(3, 38),
(3, 48),
(4, 7),
(4, 16),
(4, 39),
(4, 47),
(5, 11),
(5, 22),
(5, 24),
(5, 32),
(5, 36),
(5, 44),
(6, 2),
(6, 4),
(6, 5),
(6, 8),
(6, 15),
(6, 27),
(6, 50),
(7, 14),
(7, 18),
(7, 26),
(7, 28),
(7, 30),
(7, 33),
(7, 43),
(8, 1),
(8, 3),
(8, 20),
(8, 35),
(8, 41),
(8, 45),
(8, 49),
(9, 6),
(10, 19),
(10, 23),
(10, 37),
(10, 46);

-- --------------------------------------------------------

--
-- Table structure for table `role`
--

CREATE TABLE `role` (
  `id` int(11) NOT NULL,
  `name` varchar(255) NOT NULL
) ENGINE=InnoDB DEFAULT CHARSET=utf8;

--
-- Dumping data for table `role`
--

INSERT INTO `role` (`id`, `name`) VALUES
(1, 'ROLE_ADMIN'),
(2, 'ROLE_MEMBER');

-- --------------------------------------------------------

--
-- Table structure for table `tag`
--

CREATE TABLE `tag` (
  `id` int(11) NOT NULL,
  `name` varchar(255) NOT NULL
) ENGINE=InnoDB DEFAULT CHARSET=utf8;

--
-- Dumping data for table `tag`
--

INSERT INTO `tag` (`id`, `name`) VALUES
(1, 'c'),
(2, 'php'),
(3, 'laravel'),
(4, 'codeigniter'),
(5, 'java'),
(6, 'android'),
(7, 'ios'),
(8, 'sql'),
(9, 'mysql');

-- --------------------------------------------------------

--
-- Table structure for table `user`
--

CREATE TABLE `user` (
  `id` int(11) NOT NULL,
  `avatar` varchar(255) DEFAULT 'avatar.png',
  `email` varchar(255) NOT NULL,
  `name` varchar(255) NOT NULL,
  `password` varchar(60) NOT NULL,
  `point` smallint(5) DEFAULT '0'
) ENGINE=InnoDB DEFAULT CHARSET=utf8;

--
-- Dumping data for table `user`
--

INSERT INTO `user` (`id`, `avatar`, `email`, `name`, `password`, `point`) VALUES
(1, '1.png', 'nguyentuananh11b6@gmail.com', 'Nguyen Tuan Anh', '$2a$06$X9Fcnq/wqghj0fpKePUOcupCm4Uh1eGLggb/cTepiEBOOBaxt/rQm', 123),
(2, '6.png', 'schroeder.nicola@hotmail.com', 'Eugene Schinner', '$2a$06$X9Fcnq/wqghj0fpKePUOcupCm4Uh1eGLggb/cTepiEBOOBaxt/rQm', 22),
(3, '10.png', 'maud.turner@gmail.com', 'Dr. Ladarius Gerhold', '$2a$06$X9Fcnq/wqghj0fpKePUOcupCm4Uh1eGLggb/cTepiEBOOBaxt/rQm', 22),
(4, '4.png', 'gschaden@gmail.com', 'Prof. Reta Cummerata', '$2a$06$X9Fcnq/wqghj0fpKePUOcupCm4Uh1eGLggb/cTepiEBOOBaxt/rQm', 45),
(5, '8.png', 'uhane@yahoo.com', 'Gretchen Braun', '$2a$06$X9Fcnq/wqghj0fpKePUOcupCm4Uh1eGLggb/cTepiEBOOBaxt/rQm', 22),
(6, '3.png', 'roberbrunner@gmail.com', 'Marquis Terry', '$2a$06$X9Fcnq/wqghj0fpKePUOcupCm4Uh1eGLggb/cTepiEBOOBaxt/rQm', 42),
(7, '10.png', 'beer.dessie@hotmail.com', 'Angela Crist', '$2a$06$X9Fcnq/wqghj0fpKePUOcupCm4Uh1eGLggb/cTepiEBOOBaxt/rQm', 39),
(8, '9.png', 'rhowell@yahoo.com', 'Bradford Gibson', '$2a$06$X9Fcnq/wqghj0fpKePUOcupCm4Uh1eGLggb/cTepiEBOOBaxt/rQm', 13),
(9, '7.png', 'qtromp@yahoo.com', 'Agustin Kuvalis Jr.', '$2a$06$X9Fcnq/wqghj0fpKePUOcupCm4Uh1eGLggb/cTepiEBOOBaxt/rQm', 36),
(10, '3.png', 'annetta.renner@yahoo.com', 'Brook Mills', '$2a$06$X9Fcnq/wqghj0fpKePUOcupCm4Uh1eGLggb/cTepiEBOOBaxt/rQm', 49),
(11, '5.png', 'stracke.rickie@yahoo.com', 'Jacklyn Durgan', '$2a$06$X9Fcnq/wqghj0fpKePUOcupCm4Uh1eGLggb/cTepiEBOOBaxt/rQm', 29),
(12, '2.png', 'stehr.terrell@hotmail.com', 'Prof. Elisa Dicki IV', '$2a$06$X9Fcnq/wqghj0fpKePUOcupCm4Uh1eGLggb/cTepiEBOOBaxt/rQm', 20),
(13, '6.png', 'tromp.kelly@yahoo.com', 'Mr. Sherwood Daugherty', '$2a$06$X9Fcnq/wqghj0fpKePUOcupCm4Uh1eGLggb/cTepiEBOOBaxt/rQm', 49),
(14, '4.png', 'bo89@gmail.com', 'Dr. Stacey Corkery Jr.', '$2a$06$X9Fcnq/wqghj0fpKePUOcupCm4Uh1eGLggb/cTepiEBOOBaxt/rQm', 40),
(15, '1.png', 'tania.mosciski@gmail.com', 'Dr. Triston Yost V', '$2a$06$X9Fcnq/wqghj0fpKePUOcupCm4Uh1eGLggb/cTepiEBOOBaxt/rQm', 50),
(16, '4.png', 'wjenkins@gmail.com', 'Sanford Morar', '$2a$06$X9Fcnq/wqghj0fpKePUOcupCm4Uh1eGLggb/cTepiEBOOBaxt/rQm', 12),
(17, '8.png', 'hgleichner@hotmail.com', 'Jed Rempel', '$2a$06$X9Fcnq/wqghj0fpKePUOcupCm4Uh1eGLggb/cTepiEBOOBaxt/rQm', 9),
(18, '3.png', 'morar.felicia@hotmail.com', 'Rosendo Barrows', '$2a$06$X9Fcnq/wqghj0fpKePUOcupCm4Uh1eGLggb/cTepiEBOOBaxt/rQm', 30),
(19, '5.png', 'kira.lesch@gmail.com', 'Dr. Max Doyle I', '$2a$06$X9Fcnq/wqghj0fpKePUOcupCm4Uh1eGLggb/cTepiEBOOBaxt/rQm', 36),
(20, '6.png', 'nschmitt@gmail.com', 'Elmer Fisher', '$2a$06$X9Fcnq/wqghj0fpKePUOcupCm4Uh1eGLggb/cTepiEBOOBaxt/rQm', 6),
(21, '9.png', 'wcorkery@gmail.com', 'Dr. Cesar Hermann IV', '$2a$06$X9Fcnq/wqghj0fpKePUOcupCm4Uh1eGLggb/cTepiEBOOBaxt/rQm', 42),
(22, '7.png', 'tbeahan@yahoo.com', 'Celine Emmerich II', '$2a$06$X9Fcnq/wqghj0fpKePUOcupCm4Uh1eGLggb/cTepiEBOOBaxt/rQm', 33),
(23, '9.png', 'bradtke.dedric@yahoo.com', 'Emilio Welch', '$2a$06$X9Fcnq/wqghj0fpKePUOcupCm4Uh1eGLggb/cTepiEBOOBaxt/rQm', 5),
(24, '3.png', 'stehr.gina@yahoo.com', 'Devante Marks', '$2a$06$X9Fcnq/wqghj0fpKePUOcupCm4Uh1eGLggb/cTepiEBOOBaxt/rQm', 23),
(25, '8.png', 'aliza88@yahoo.com', 'Agnes Gorczany', '$2a$06$X9Fcnq/wqghj0fpKePUOcupCm4Uh1eGLggb/cTepiEBOOBaxt/rQm', 16),
(26, '10.png', 'gutkowski.merl@hotmail.com', 'Dayana Russel', '$2a$06$X9Fcnq/wqghj0fpKePUOcupCm4Uh1eGLggb/cTepiEBOOBaxt/rQm', 44),
(27, '2.png', 'addison42@yahoo.com', 'Richmond Cassin', '$2a$06$X9Fcnq/wqghj0fpKePUOcupCm4Uh1eGLggb/cTepiEBOOBaxt/rQm', 35),
(28, '10.png', 'seichmann@gmail.com', 'Pietro Kreiger', '$2a$06$X9Fcnq/wqghj0fpKePUOcupCm4Uh1eGLggb/cTepiEBOOBaxt/rQm', 42),
(29, '1.png', 'vrath@hotmail.com', 'Sylvan Skiles', '$2a$06$X9Fcnq/wqghj0fpKePUOcupCm4Uh1eGLggb/cTepiEBOOBaxt/rQm', 30),
(30, '8.png', 'yschuppe@gmail.com', 'Abelardo Lebsack', '$2a$06$X9Fcnq/wqghj0fpKePUOcupCm4Uh1eGLggb/cTepiEBOOBaxt/rQm', 6),
(31, '5.png', 'cartwright.bernadette@yahoo.com', 'Lourdes Rippin', '$2a$06$X9Fcnq/wqghj0fpKePUOcupCm4Uh1eGLggb/cTepiEBOOBaxt/rQm', 36),
(32, '2.png', 'peyton18@hotmail.com', 'Dr. Maia Shanahan DVM', '$2a$06$X9Fcnq/wqghj0fpKePUOcupCm4Uh1eGLggb/cTepiEBOOBaxt/rQm', 4),
(33, '5.png', 'koelpin.juston@yahoo.com', 'Mrs. Ashleigh Weissnat DVM', '$2a$06$X9Fcnq/wqghj0fpKePUOcupCm4Uh1eGLggb/cTepiEBOOBaxt/rQm', 13),
(34, '1.png', 'bailee43@hotmail.com', 'Myrna Gusikowski I', '$2a$06$X9Fcnq/wqghj0fpKePUOcupCm4Uh1eGLggb/cTepiEBOOBaxt/rQm', 12),
(35, '7.png', 'quitzon.isabelle@yahoo.com', 'Jayme Ondricka', '$2a$06$X9Fcnq/wqghj0fpKePUOcupCm4Uh1eGLggb/cTepiEBOOBaxt/rQm', 0),
(36, '9.png', 'eleazar.ledner@yahoo.com', 'Paolo DuBuque', '$2a$06$X9Fcnq/wqghj0fpKePUOcupCm4Uh1eGLggb/cTepiEBOOBaxt/rQm', 32),
(37, '3.png', 'marisol15@hotmail.com', 'Miss Flavie Ruecker', '$2a$06$X9Fcnq/wqghj0fpKePUOcupCm4Uh1eGLggb/cTepiEBOOBaxt/rQm', 21),
(38, '4.png', 'fritsch.camylle@gmail.com', 'Xander Weber', '$2a$06$X9Fcnq/wqghj0fpKePUOcupCm4Uh1eGLggb/cTepiEBOOBaxt/rQm', 13),
(39, '10.png', 'demarcus32@yahoo.com', 'Jaleel Russel', '$2a$06$X9Fcnq/wqghj0fpKePUOcupCm4Uh1eGLggb/cTepiEBOOBaxt/rQm', 2),
(40, '7.png', 'lester.wiza@yahoo.com', 'Patricia Satterfield', '$2a$06$X9Fcnq/wqghj0fpKePUOcupCm4Uh1eGLggb/cTepiEBOOBaxt/rQm', 13),
(41, '9.png', 'jordy92@hotmail.com', 'Dr. Faye Schaefer', '$2a$06$X9Fcnq/wqghj0fpKePUOcupCm4Uh1eGLggb/cTepiEBOOBaxt/rQm', 48),
(42, '1.png', 'mose.mohr@hotmail.com', 'Barney Witting IV', '$2a$06$X9Fcnq/wqghj0fpKePUOcupCm4Uh1eGLggb/cTepiEBOOBaxt/rQm', 39),
(43, '1.png', 'beer.quinten@gmail.com', 'Dasia Spencer', '$2a$06$X9Fcnq/wqghj0fpKePUOcupCm4Uh1eGLggb/cTepiEBOOBaxt/rQm', 20),
(44, '3.png', 'senger.angie@hotmail.com', 'Dr. Emmanuelle Hills III', '$2a$06$X9Fcnq/wqghj0fpKePUOcupCm4Uh1eGLggb/cTepiEBOOBaxt/rQm', 36),
(45, '5.png', 'zwyman@gmail.com', 'Afton O\'Connell', '$2a$06$X9Fcnq/wqghj0fpKePUOcupCm4Uh1eGLggb/cTepiEBOOBaxt/rQm', 26),
(46, '7.png', 'amckenzie@hotmail.com', 'Sanford Swaniawski', '$2a$06$X9Fcnq/wqghj0fpKePUOcupCm4Uh1eGLggb/cTepiEBOOBaxt/rQm', 14),
(47, '1.png', 'julian.boyle@hotmail.com', 'Sam Collier', '$2a$06$X9Fcnq/wqghj0fpKePUOcupCm4Uh1eGLggb/cTepiEBOOBaxt/rQm', 49),
(48, '1.png', 'lina09@yahoo.com', 'Lane Oberbrunner PhD', '$2a$06$X9Fcnq/wqghj0fpKePUOcupCm4Uh1eGLggb/cTepiEBOOBaxt/rQm', 39),
(49, '4.png', 'eulah51@yahoo.com', 'Prof. Golda Wolff', '$2a$06$X9Fcnq/wqghj0fpKePUOcupCm4Uh1eGLggb/cTepiEBOOBaxt/rQm', 25),
(50, '10.png', 'roderick.satterfield@hotmail.com', 'Quinn Quigley', '$2a$06$X9Fcnq/wqghj0fpKePUOcupCm4Uh1eGLggb/cTepiEBOOBaxt/rQm', 23),
(51, '4.png', 'qhalvorson@yahoo.com', 'Tomasa Swift', '$2a$06$X9Fcnq/wqghj0fpKePUOcupCm4Uh1eGLggb/cTepiEBOOBaxt/rQm', 43);

-- --------------------------------------------------------

--
-- Table structure for table `user_role`
--

CREATE TABLE `user_role` (
  `user_id` int(11) UNSIGNED NOT NULL,
  `role_id` int(11) UNSIGNED NOT NULL
) ENGINE=InnoDB DEFAULT CHARSET=utf8;

--
-- Dumping data for table `user_role`
--

INSERT INTO `user_role` (`user_id`, `role_id`) VALUES
(1, 1),
(1, 2);

-- --------------------------------------------------------

--
-- Table structure for table `vote`
--

CREATE TABLE `vote` (
  `id` int(11) NOT NULL,
  `answer_id` int(11) UNSIGNED NOT NULL,
  `user_id` int(11) UNSIGNED NOT NULL
) ENGINE=InnoDB DEFAULT CHARSET=utf8;

--
-- Indexes for dumped tables
--

--
-- Indexes for table `answer`
--
ALTER TABLE `answer`
  ADD PRIMARY KEY (`id`),
  ADD KEY `FK8frr4bcabmmeyyu60qt7iiblo` (`question_id`),
  ADD KEY `FK68tbcw6bunvfjaoscaj851xpb` (`user_id`);

--
-- Indexes for table `category`
--
ALTER TABLE `category`
  ADD PRIMARY KEY (`id`);

--
-- Indexes for table `question`
--
ALTER TABLE `question`
  ADD PRIMARY KEY (`id`),
  ADD KEY `FK7jaqbm9p4prg7n91dd1uabrvj` (`category_id`),
  ADD KEY `FK4ekrlbqiybwk8abhgclfjwnmc` (`user_id`);

--
-- Indexes for table `question_tag`
--
ALTER TABLE `question_tag`
  ADD PRIMARY KEY (`question_id`,`tag_id`),
  ADD KEY `FKnacet7y1n8llxvrbmm3xdq13j` (`tag_id`);

--
-- Indexes for table `role`
--
ALTER TABLE `role`
  ADD PRIMARY KEY (`id`);

--
-- Indexes for table `tag`
--
ALTER TABLE `tag`
  ADD PRIMARY KEY (`id`);

--
-- Indexes for table `user`
--
ALTER TABLE `user`
  ADD PRIMARY KEY (`id`);

--
-- Indexes for table `user_role`
--
ALTER TABLE `user_role`
  ADD PRIMARY KEY (`user_id`,`role_id`),
  ADD KEY `FKa68196081fvovjhkek5m97n3y` (`role_id`);

--
-- Indexes for table `vote`
--
ALTER TABLE `vote`
  ADD PRIMARY KEY (`id`);

--
-- AUTO_INCREMENT for dumped tables
--

--
-- AUTO_INCREMENT for table `answer`
--
ALTER TABLE `answer`
  MODIFY `id` int(11) NOT NULL AUTO_INCREMENT, AUTO_INCREMENT=201;
--
-- AUTO_INCREMENT for table `category`
--
ALTER TABLE `category`
  MODIFY `id` int(11) NOT NULL AUTO_INCREMENT, AUTO_INCREMENT=7;
--
-- AUTO_INCREMENT for table `question`
--
ALTER TABLE `question`
  MODIFY `id` int(11) NOT NULL AUTO_INCREMENT, AUTO_INCREMENT=51;
--
-- AUTO_INCREMENT for table `role`
--
ALTER TABLE `role`
  MODIFY `id` int(11) NOT NULL AUTO_INCREMENT, AUTO_INCREMENT=3;
--
-- AUTO_INCREMENT for table `tag`
--
ALTER TABLE `tag`
  MODIFY `id` int(11) NOT NULL AUTO_INCREMENT, AUTO_INCREMENT=10;
--
-- AUTO_INCREMENT for table `user`
--
ALTER TABLE `user`
  MODIFY `id` int(11) NOT NULL AUTO_INCREMENT, AUTO_INCREMENT=52;
--
-- AUTO_INCREMENT for table `vote`
--
ALTER TABLE `vote`
  MODIFY `id` int(11) NOT NULL AUTO_INCREMENT;
/*!40101 SET CHARACTER_SET_CLIENT=@OLD_CHARACTER_SET_CLIENT */;
/*!40101 SET CHARACTER_SET_RESULTS=@OLD_CHARACTER_SET_RESULTS */;
/*!40101 SET COLLATION_CONNECTION=@OLD_COLLATION_CONNECTION */;
